,code,name,industry,area,pe,outstanding,totals,totalAssets,liquidAssets,fixedAssets,reserved,reservedPerShare,esp,bvps,pb,timeToMarket,undp,perundp,rev,profit,gpr,npr,holders
3,688023,N安恒,软件服务,浙江,0.0,0.15,0.74,8.88,5.7,2.68,3.09,4.17,-0.56,19.13,4.13,20191105,0.86,1.16,0.0,0.0,68.31,-8.81,16241.0
8,913,钱江摩托,摩托车,浙江,13.09,4.54,4.54,47.27,31.92,7.91,13.71,3.02,0.66,6.16,1.87,19990514,7.36,1.62,11.14,307.16,23.51,10.28,15332.0
23,300566,激智科技,元器件,浙江,68.05,0.95,1.55,19.68,11.62,4.32,2.15,1.39,0.317,4.27,6.74,20161115,2.7,1.74,15.61,6.03,26.68,6.62,8915.0
28,600126,杭钢股份,普钢,浙江,14.31,33.77,33.77,273.92,127.27,92.64,102.68,3.04,0.243,5.74,0.81,19980311,52.17,1.54,-1.26,-48.83,7.41,4.21,38247.0
41,600797,浙大网新,软件服务,浙江,65.2,10.24,10.47,65.7,29.6,7.24,20.28,1.94,0.141,4.29,2.86,19970418,12.92,1.23,0.98,-6.83,29.79,6.13,120977.0
50,603129,春风动力,摩托车,浙江,24.76,0.66,1.34,23.59,17.56,2.44,6.06,4.51,1.051,7.38,4.7,20170818,3.45,2.57,28.29,45.33,30.95,5.9,9641.0
51,603538,美诺华,化学制药,浙江,21.3,0.91,1.5,25.21,12.1,4.41,5.27,3.52,0.89,8.68,2.8,20170407,6.51,4.35,52.43,98.71,37.39,15.03,11658.0
59,2012,凯恩股份,造纸,浙江,51.92,4.66,4.68,18.58,11.64,4.48,2.73,0.58,0.0819999999999999,2.72,2.09,20040705,4.58,0.98,2.18,107.56,23.66,4.53,47460.0
72,603816,顾家家居,家居用品,浙江,18.92,5.84,6.02,111.99,55.97,14.63,21.9,3.64,1.56,8.48,4.54,20161014,23.13,3.84,21.61,16.75,35.08,11.8,15854.0
74,603799,华友钴业,小金属,浙江,229.72,10.66,10.79,223.55,97.98,51.47,26.07,2.42,0.086,7.18,3.67,20150129,36.55,3.39,39.2,-95.15,10.98,0.66,143761.0
75,300703,创源文化,文教休闲,浙江,17.2,0.99,1.83,10.82,7.23,2.8,2.87,1.57,0.53,3.84,3.13,20170919,2.08,1.14,17.82,48.31,35.24,13.28,13674.0
84,603040,新坐标,机械基件,浙江,22.13,0.32,0.79,8.34,5.03,1.56,2.65,3.33,1.11,9.41,3.43,20170209,3.66,4.61,8.15,10.29,62.49,36.7,6453.0
88,2637,赞宇科技,日用化工,浙江,11.17,3.72,4.23,57.1,20.59,13.22,12.43,2.94,0.557,6.07,1.37,20111125,8.39,1.98,-6.47,56.28,14.52,5.13,17487.0
90,300360,炬华科技,电器仪表,浙江,21.68,3.32,4.1,25.15,21.68,0.66,6.39,1.56,0.368,5.24,2.03,20140121,10.82,2.64,-9.31,17.53,38.71,26.07,14440.0
100,300033,同花顺,软件服务,浙江,91.25,2.64,5.38,46.86,40.7,4.3,3.57,0.66,0.853,6.61,15.69,20091225,22.78,4.24,27.07,43.89,87.89,39.65,52986.0
110,2641,永高股份,塑料,浙江,12.71,9.1,11.23,56.46,33.55,17.26,6.38,0.57,0.292,2.85,1.73,20111208,11.98,1.07,18.49,101.74,25.07,7.44,27522.0
136,300727,润禾材料,化工原料,浙江,31.78,0.39,1.27,6.81,3.94,1.4,2.21,1.74,0.356,4.38,3.45,20171127,1.74,1.37,-5.55,-18.33,28.41,9.85,9959.0
141,2534,杭锅股份,专用机械,浙江,15.95,7.3,7.39,88.88,65.79,10.02,8.25,1.12,0.371,4.38,1.8,20110110,14.21,1.92,6.27,42.96,21.18,10.28,17427.0
144,600677,航天通信,通信设备,浙江,0.0,4.54,5.22,137.6,100.36,16.36,21.24,4.07,-0.484,5.99,1.19,19930928,4.56,0.87,-63.88,-303.55,15.37,-7.8,95890.0
146,603661,恒林股份,家居用品,浙江,14.44,0.29,1.0,35.37,20.14,7.25,13.54,13.54,2.2,24.53,1.71,20171121,9.47,9.47,16.05,70.31,25.77,11.17,14530.0
154,300250,初灵信息,软件服务,浙江,54.2,1.51,2.2,11.46,5.72,0.13,8.12,3.69,0.19,4.65,3.04,20110803,-0.05,-0.02,16.2,-27.17,51.7,13.35,22000.0
156,2479,富春环保,火力发电,浙江,25.8,8.87,8.94,75.63,25.14,28.95,16.98,1.9,0.258,4.32,2.05,20100921,11.49,1.29,20.09,31.43,19.43,9.1,46281.0
162,603103,横店影视,影视音像,浙江,26.54,0.74,6.34,34.01,16.17,8.89,5.74,0.9,0.411,3.69,3.94,20171012,10.11,1.59,-3.43,-19.4,21.41,12.22,25026.0
171,2131,利欧股份,互联网,浙江,33.77,53.77,66.51,141.25,87.13,10.41,12.52,0.19,0.046,1.22,1.72,20070427,0.54,0.01,8.55,23.05,10.09,2.88,225596.0
180,603303,得邦照明,家用电器,浙江,14.47,1.21,4.88,39.75,31.36,2.98,8.42,1.73,0.5,5.3,1.79,20170330,12.66,2.6,8.64,14.57,17.79,7.7,18475.0
194,603823,百合花,染料涂料,浙江,22.99,0.7,2.25,24.4,14.23,6.94,4.32,1.92,0.777,6.82,3.49,20161220,7.94,3.53,9.62,15.66,25.71,11.75,20022.0
196,600933,爱柯迪,汽车配件,浙江,25.29,2.67,8.58,52.07,31.45,13.93,18.26,2.13,0.35,4.59,2.52,20171117,11.22,1.31,2.88,-19.81,33.8,15.25,30804.0
197,600572,康恩贝,中成药,浙江,30.61,26.61,26.67,107.75,49.82,24.56,7.12,0.27,0.18,2.04,3.57,20040412,22.07,0.83,-2.94,-38.77,76.07,8.8,113521.0
204,300314,戴维医疗,医疗保健,浙江,50.76,1.89,2.88,9.01,6.16,2.15,1.76,0.61,0.14,2.8,3.38,20120508,2.92,1.01,20.99,7.57,51.4,17.05,20100.0
205,300316,晶盛机电,专用机械,浙江,31.18,12.04,12.84,71.88,50.82,9.19,12.35,0.96,0.367,3.41,4.48,20120511,17.01,1.32,6.23,5.85,38.23,23.51,40146.0
209,2019,亿帆医药,化学制药,浙江,17.08,8.08,12.31,103.56,36.3,8.33,28.54,2.32,0.61,5.92,2.32,20040713,33.63,2.73,10.56,4.37,44.4,19.55,54306.0
211,2273,水晶光电,元器件,浙江,37.33,10.83,11.26,61.32,26.7,18.32,10.68,0.95,0.319,3.55,4.48,20080919,16.72,1.49,26.43,-11.18,26.47,17.41,58214.0
212,2280,联络互动,软件服务,浙江,321.03,17.63,21.77,123.26,64.29,8.26,30.13,1.38,0.01,2.43,1.71,20090821,-0.17,-0.01,-2.46,-85.06,14.54,0.19,128068.0
218,603208,江山欧派,家居用品,浙江,17.87,0.31,0.81,25.49,16.07,5.5,5.18,6.4,2.224,15.23,3.48,20170210,5.65,7.0,55.06,66.62,33.0,13.46,5501.0
248,300113,顺网科技,互联网,浙江,29.56,4.78,6.94,35.02,17.56,0.63,2.83,0.41,0.51,3.96,5.0,20100827,18.79,2.71,-20.54,-20.43,68.63,28.62,36585.0
251,603181,皇马科技,化工原料,浙江,19.77,1.39,2.8,20.2,9.41,8.02,5.3,1.89,0.6559999999999999,5.44,3.18,20170824,7.06,2.52,10.08,35.22,21.89,13.29,16424.0
263,2048,宁波华翔,汽车配件,浙江,10.21,5.45,6.26,166.23,86.03,33.33,26.43,4.22,1.069,14.16,1.03,20050603,46.61,7.44,9.33,32.89,19.94,5.72,39250.0
296,600387,海越能源,石油贸易,浙江,6.42,3.88,4.72,45.0,28.36,5.71,11.42,2.42,0.981,6.43,1.31,20040218,11.32,2.4,-46.94,50.05,4.46,5.25,26112.0
305,300792,壹网壹创,互联网,浙江,121.11,0.2,0.8,12.5,10.93,1.09,7.14,8.92,1.6,14.44,13.44,20190927,3.43,4.29,0.0,0.0,39.95,12.18,39762.0
310,300548,博创科技,元器件,浙江,440.24,0.83,0.83,7.36,4.8,1.3,2.47,2.96,0.09,7.39,7.17,20161012,2.54,3.05,33.44,-83.21,22.12,2.9,8334.0
316,600460,士兰微,半导体,浙江,298.61,13.12,13.12,85.56,36.08,27.22,7.98,0.61,0.038,2.61,5.87,20030311,11.37,0.87,0.52,-66.65,19.09,2.27,150765.0
323,600261,阳光照明,家用电器,浙江,9.16,14.52,14.52,63.65,40.53,11.85,2.86,0.2,0.359,2.63,1.67,20000720,18.11,1.25,-3.84,80.98,31.37,12.93,52391.0
328,2515,金字火腿,食品,浙江,91.6,8.49,9.78,14.33,10.25,2.71,1.76,0.18,0.049,1.36,4.37,20101203,3.06,0.31,-48.41,316.38,44.25,28.25,47182.0
329,300643,万通智控,汽车配件,浙江,67.85,0.84,2.0,7.28,2.74,0.94,1.33,0.66,0.098,2.15,4.14,20170505,0.83,0.42,7.1,-31.06,29.97,8.27,14113.0
332,601877,正泰电器,电气设备,浙江,13.49,17.77,21.51,538.74,271.31,186.29,110.61,5.14,1.331,10.84,2.21,20100121,91.29,4.24,17.62,2.65,29.41,12.74,30299.0
341,603997,继峰股份,汽车配件,浙江,20.28,6.32,6.39,24.83,17.07,5.02,2.69,0.42,0.298,2.95,2.73,20150302,8.54,1.34,-1.58,-18.12,34.07,12.37,18469.0
347,300604,长川科技,专用机械,浙江,3994.78,1.27,3.14,13.39,8.46,1.42,5.8,1.85,0.004,3.07,7.29,20170417,1.07,0.34,17.93,-95.9,50.72,0.65,15129.0
350,2001,新和成,化学制药,浙江,20.05,21.21,21.49,271.59,119.54,51.61,45.28,2.11,0.794,7.63,2.78,20040625,88.23,4.11,-14.2,-32.77,46.83,29.59,57500.0
355,600226,瀚叶股份,互联网,浙江,39.44,19.93,31.39,50.68,15.62,5.17,3.24,0.1,0.069,1.41,2.58,19991116,8.16,0.26,-6.85,1.99,40.39,32.8,68937.0
357,2570,贝因美,乳制品,浙江,0.0,10.22,10.23,42.57,22.06,11.77,12.24,1.2,-0.11,1.65,3.79,20110412,-6.92,-0.68,11.46,-478.85,51.97,-5.25,54804.0
367,300257,开山股份,机械基件,浙江,74.87,8.18,8.58,78.8,28.8,9.62,14.89,1.74,0.107,4.14,2.57,20110819,8.98,1.05,-3.6,1.3,26.05,4.91,10659.0
370,600865,百大集团,百货,浙江,14.44,3.76,3.76,21.11,8.25,0.94,2.33,0.62,0.3339999999999999,4.84,1.33,19940809,10.16,2.7,10.33,26.44,26.84,21.71,24855.0
386,156,华数传媒,影视音像,浙江,18.52,12.8,14.33,152.57,92.89,29.48,62.33,4.35,0.353,7.58,1.15,20000906,28.64,2.0,4.58,4.84,37.92,20.17,37993.0
397,2020,京新药业,化学制药,浙江,12.43,5.88,7.25,54.47,33.99,7.85,20.79,2.87,0.71,5.13,2.18,20040715,11.26,1.55,25.22,43.39,64.65,17.49,35496.0
415,603093,南华期货,多元金融,浙江,119.42,0.7,5.8,139.77,0.0,0.26,8.61,1.49,0.16,4.2,5.3,20190830,7.98,1.38,0.0,0.0,0.0,1.06,40183.0
418,2381,双箭股份,橡胶,浙江,13.62,3.13,4.12,22.07,16.09,3.03,5.69,1.38,0.4539999999999999,4.17,1.98,20100402,6.25,1.52,8.71,55.36,31.43,16.87,31122.0
440,603298,杭叉集团,专用机械,浙江,12.45,1.71,6.19,62.16,43.34,12.38,9.62,1.55,0.773,6.71,1.91,20161227,22.36,3.61,4.47,11.2,20.9,7.08,23623.0
458,600926,杭州银行,银行,浙江,6.83,42.25,51.3,9806.28,0.0,13.26,88.74,1.73,1.034,10.04,0.94,20161027,208.65,4.07,25.85,20.25,0.0,33.07,73498.0
464,600571,信雅达,软件服务,浙江,332.36,4.31,4.4,13.81,8.67,0.57,1.93,0.44,0.023,2.16,4.72,20021101,1.05,0.24,8.97,8.78,55.21,1.12,59699.0
466,300695,兆丰股份,汽车配件,浙江,20.34,0.17,0.67,21.1,17.43,1.83,10.0,14.99,2.085,26.98,2.1,20170908,6.26,9.4,3.54,2.9,43.03,36.48,12606.0
473,601878,浙商证券,证券,浙江,32.44,12.09,33.33,712.35,0.0,8.88,39.81,1.19,0.213,4.24,2.17,20170626,47.42,1.42,57.2,26.16,0.0,17.26,109553.0
485,2263,*ST东南,塑料,浙江,92.41,18.78,18.78,24.58,6.67,16.82,8.13,0.43,0.016,1.18,1.71,20080728,-5.16,-0.27,9.88,508.58,10.43,2.56,84302.0
486,600884,杉杉股份,综合类,浙江,31.55,11.23,11.23,241.78,91.01,43.19,41.02,3.65,0.256,10.26,1.05,19960130,46.59,4.15,2.08,-72.71,21.81,4.42,82214.0
487,300669,沪宁股份,机械基件,浙江,35.88,0.26,0.85,5.56,3.79,0.84,3.01,3.52,0.5,5.84,4.05,20170629,1.06,1.25,26.21,34.78,35.3,16.43,5896.0
490,2332,仙琚制药,生物制药,浙江,20.91,9.04,9.16,58.41,29.45,12.11,8.57,0.94,0.317,3.08,2.87,20100112,8.99,0.98,4.49,37.4,60.68,10.5,26000.0
495,603806,福斯特,塑料,浙江,27.72,5.23,5.23,69.25,54.26,10.76,13.91,2.66,1.134,11.39,3.68,20140905,37.05,7.09,34.6,70.8,19.72,12.91,7605.0
501,2375,亚厦股份,装修装饰,浙江,18.76,12.13,13.4,207.91,177.33,7.52,19.09,1.42,0.23,5.91,0.94,20100323,45.05,3.36,15.29,-4.53,14.33,3.96,35478.0
503,600120,浙江东方,多元金融,浙江,16.3,12.11,15.91,212.59,0.0,1.13,16.74,1.05,0.386,6.8,1.23,19971201,59.2,3.72,34.57,8.64,0.0,7.49,39191.0
513,2203,海亮股份,铜,浙江,17.69,16.34,19.52,239.05,155.14,22.57,23.13,1.18,0.42,4.34,2.28,20080116,43.23,2.21,0.03,18.55,6.55,2.56,19788.0
524,300718,长盛轴承,机械基件,浙江,31.36,0.5,1.98,12.66,8.14,3.19,4.11,2.07,0.446,5.78,3.23,20171106,4.73,2.39,-10.93,-15.36,35.93,19.78,8992.0
526,603757,大元泵业,专用机械,浙江,13.67,0.49,1.64,13.93,10.51,3.05,4.12,2.51,0.8290000000000001,6.64,2.28,20170711,4.87,2.96,-0.98,-3.3,30.68,16.15,8233.0
536,601108,财通证券,证券,浙江,27.59,24.07,35.89,615.15,0.0,1.42,82.64,2.3,0.27,5.56,1.83,20171024,48.87,1.36,41.61,47.89,0.0,29.94,147731.0
542,2415,海康威视,电器仪表,浙江,29.07,80.74,93.45,682.89,572.92,55.75,42.26,0.45,0.8590000000000001,4.33,7.7,20100528,247.84,2.65,17.86,8.54,46.44,20.15,217240.0
550,300587,天铁股份,橡胶,浙江,36.6,0.73,1.82,21.17,11.96,4.14,4.4,2.42,0.2769999999999999,5.34,2.53,20170105,3.2,1.76,77.33,19.14,52.52,8.77,9380.0
555,300181,佐力药业,中成药,浙江,62.4,4.64,6.09,20.89,7.65,7.01,3.4,0.56,0.064,2.18,2.43,20110222,2.69,0.44,24.27,50.56,64.96,5.89,44334.0
558,300027,华谊兄弟,影视音像,浙江,0.0,22.11,27.95,166.24,58.0,9.16,26.17,0.94,-0.233,2.85,1.6,20091030,21.17,0.76,-49.22,-298.56,20.39,-40.34,109178.0
563,603225,新凤鸣,化纤,浙江,9.9,1.67,11.91,208.53,52.89,82.49,14.67,1.23,0.928,7.4,1.66,20170418,60.57,5.08,4.21,-24.06,9.11,4.5,32478.0
589,2095,生意宝,互联网,浙江,144.28,2.52,2.53,15.95,14.52,0.65,3.26,1.29,0.122,3.44,6.82,20061215,2.43,0.96,-7.87,-2.52,33.54,10.31,45419.0
592,600216,浙江医药,化学制药,浙江,26.11,9.64,9.65,105.87,52.07,39.8,13.43,1.39,0.38,8.1,1.6,19991021,44.63,4.62,4.21,-30.0,40.27,6.77,54000.0
603,603811,诚意药业,化学制药,浙江,26.76,0.8,1.19,9.37,3.47,1.79,3.53,2.96,0.831,6.07,4.88,20170315,2.11,1.77,24.92,39.32,72.78,19.87,9801.0
606,2801,微光股份,电气设备,浙江,24.07,0.58,1.18,12.08,10.05,1.38,2.26,1.92,1.054,8.27,4.09,20160622,5.64,4.79,26.41,53.22,32.99,21.36,11076.0
609,603637,镇海股份,建筑工程,浙江,56.78,0.44,1.74,10.66,9.39,0.58,2.6,1.49,0.2189999999999999,4.34,3.82,20170208,2.37,1.36,57.41,-4.08,9.75,6.29,6232.0
621,2318,久立特材,特种钢,浙江,13.73,8.18,8.42,55.87,33.72,14.61,7.67,0.91,0.461,3.69,2.29,20091211,13.32,1.58,9.9,79.93,28.07,11.82,43880.0
627,2840,华统股份,食品,浙江,43.39,1.47,2.77,27.46,9.54,9.44,5.26,1.9,0.33,5.14,3.64,20170110,6.44,2.32,46.94,-9.27,5.27,1.66,13381.0
628,603662,柯力传感,电器仪表,浙江,29.85,0.3,1.19,20.13,14.55,3.23,9.46,7.92,1.4,14.23,3.05,20190806,5.88,4.93,0.0,0.0,42.82,23.9,17639.0
639,2224,三力士,橡胶,浙江,32.45,5.29,7.16,27.48,13.33,3.71,4.09,0.57,0.15,3.04,2.0,20080425,9.07,1.27,7.84,8.19,30.73,14.34,69115.0
651,603300,华铁应急,钢加工,浙江,12.66,6.36,6.58,67.88,21.79,21.93,7.43,1.13,0.366,2.61,2.36,20150529,5.67,0.86,23.71,201.09,75.53,29.44,38115.0
661,517,荣安地产,区域地产,浙江,9.88,30.36,31.84,396.48,373.59,0.22,-17.06,-0.54,0.204,1.73,1.56,19930806,39.25,1.23,8.58,59.66,40.48,25.77,52500.0
669,2937,兴瑞科技,元器件,浙江,32.28,0.96,2.94,11.01,8.31,1.76,3.3,1.12,0.357,3.01,5.1,20180926,2.41,0.82,2.23,31.68,28.47,13.74,27060.0
671,2859,洁美科技,元器件,浙江,64.02,1.08,2.58,20.4,9.97,7.34,7.08,2.74,0.37,6.12,5.16,20170407,5.92,2.29,-34.55,-53.11,34.08,14.6,11608.0
673,603788,宁波高发,汽车配件,浙江,17.88,2.3,2.3,21.24,19.29,1.49,11.62,5.05,0.608,8.01,1.81,20150120,4.24,1.84,-35.35,-32.19,33.51,21.26,9757.0
685,2135,东南网架,建筑工程,浙江,18.4,9.59,10.34,107.51,81.66,16.41,20.86,2.02,0.2269999999999999,4.11,1.36,20070530,10.34,1.0,3.51,56.85,11.55,3.67,39500.0
703,300426,唐德影视,影视音像,浙江,0.0,2.52,4.14,27.04,25.19,0.17,1.43,0.35,-0.11,0.53,10.76,20150217,-3.24,-0.78,-158.77,-142.81,0.0,0.0,16160.0
706,2404,嘉欣丝绸,纺织,浙江,20.95,4.59,5.78,30.88,21.74,3.61,6.46,1.12,0.205,3.0,1.91,20100511,4.36,0.75,9.06,15.62,15.43,4.54,41778.0
715,2931,锋龙股份,汽车配件,浙江,41.54,0.26,0.89,7.85,4.96,1.81,2.61,2.94,0.512,5.9,4.81,20180403,1.63,1.83,22.76,36.79,32.53,15.49,13740.0
718,300571,平治信息,互联网,浙江,22.31,0.69,1.2,20.88,17.25,0.67,0.31,0.26,1.917,5.29,10.79,20161213,4.95,4.11,49.54,29.51,35.45,16.69,7494.0
721,600683,京投发展,区域地产,浙江,0.0,7.41,7.41,443.39,381.32,0.44,3.28,0.44,-0.033,3.56,1.11,19931025,11.84,1.6,-40.72,-130.6,47.28,-1.9,23715.0
722,2236,大华股份,电器仪表,浙江,20.12,18.14,29.98,279.2,219.0,14.38,16.3,0.54,0.64,4.71,3.56,20080520,92.49,3.09,9.3,20.06,40.97,11.43,106822.0
724,603079,圣达生物,食品,浙江,74.44,0.37,1.12,15.12,7.44,3.23,4.31,3.85,0.3989999999999999,7.34,5.39,20170823,2.48,2.22,5.44,-13.65,34.47,11.94,5823.0
730,2522,浙江众成,塑料,浙江,60.72,8.55,9.06,32.35,14.76,14.42,6.3,0.7,0.074,2.02,2.95,20101210,1.99,0.22,16.0,78.46,25.11,7.39,33327.0
743,2276,万马股份,电气设备,浙江,27.69,10.34,10.35,77.74,60.84,9.71,15.55,1.5,0.1639999999999999,4.02,1.51,20090710,13.87,1.34,13.35,154.26,16.49,2.37,96000.0
744,2011,盾安环境,工程机械,浙江,6.85,9.14,9.17,99.45,54.1,13.65,21.17,2.31,0.5539999999999999,2.99,1.69,20040705,-4.7,-0.51,-0.43,1127.83,17.0,7.55,70474.0
758,559,万向钱潮,汽车配件,浙江,25.73,27.53,27.53,115.4,64.51,29.78,2.42,0.09,0.151,1.84,2.81,19940110,15.92,0.58,-10.78,-28.32,16.57,5.43,107418.0
763,603338,浙江鼎力,专用机械,浙江,36.52,3.47,3.47,43.9,31.09,2.37,10.53,3.04,1.279,8.53,7.31,20150325,14.16,4.08,9.02,12.02,40.85,30.69,8572.0
764,601137,博威合金,铜,浙江,16.19,6.15,6.85,70.68,34.54,25.06,15.06,2.2,0.481,5.34,1.94,20110127,14.3,2.09,-2.81,7.82,16.81,6.23,19762.0
766,2444,巨星科技,轻工机械,浙江,11.53,10.12,10.75,108.32,61.44,10.63,20.29,1.89,0.677,6.88,1.51,20100713,39.34,3.66,16.19,28.56,34.82,14.77,47031.0
782,2440,闰土股份,染料涂料,浙江,9.43,9.37,11.51,105.23,58.47,34.1,11.39,0.99,0.937,7.37,1.6,20100706,56.35,4.9,1.12,6.0,34.79,21.09,45440.0
794,2677,浙江美大,家用电器,浙江,22.53,3.13,6.46,18.46,9.14,3.03,1.05,0.16,0.471,2.1,6.76,20120525,5.18,0.8,22.38,23.12,52.46,26.66,23231.0
804,600177,雅戈尔,服饰,浙江,8.1,50.14,50.14,790.28,413.29,65.03,33.04,0.66,0.62,5.38,1.23,19981119,197.12,3.93,45.14,31.43,59.62,44.8,114598.0
815,603709,中源家居,家居用品,浙江,32.97,0.2,0.8,9.6,6.44,2.1,3.42,4.28,0.588,7.84,3.3,20180208,1.81,2.26,20.52,-3.54,28.55,6.19,4422.0
824,603266,天龙股份,塑料,浙江,33.83,0.49,1.99,11.07,8.18,2.18,2.47,1.25,0.251,4.43,2.56,20170110,4.13,2.08,-4.1,-9.46,25.35,7.62,13586.0
826,603177,德创环保,环境保护,浙江,0.0,0.62,2.02,13.4,11.1,1.29,1.16,0.57,-0.048,2.57,3.98,20170207,1.61,0.8,0.41,-565.94,22.97,-1.87,22089.0
839,2103,广博股份,互联网,浙江,135.72,3.86,5.46,17.71,11.65,2.78,7.24,1.33,0.025,1.9,2.42,20070110,-2.45,-0.45,-8.86,-74.05,16.12,0.96,35018.0
908,300488,恒锋工具,机械基件,浙江,24.99,0.5,1.67,11.37,4.02,4.49,2.54,1.52,0.5,5.86,2.81,20150701,5.15,3.08,-9.34,-7.02,49.8,35.25,9364.0
936,2247,聚力文化,互联网,浙江,0.0,5.45,8.51,31.5,22.43,3.44,30.24,3.55,-0.009,2.37,1.12,20080612,-19.15,-2.25,-20.24,-102.08,10.87,-0.32,33230.0
945,603687,大胜达,广告包装,浙江,51.71,0.5,4.11,20.96,8.46,7.27,6.61,1.61,0.24,3.48,4.25,20190726,3.39,0.83,0.0,0.0,19.59,9.58,20439.0
952,603611,诺力股份,运输设备,浙江,18.91,2.29,2.68,48.6,32.77,5.08,7.8,2.92,0.7020000000000001,6.1,2.9,20150128,7.05,2.64,13.8,21.33,23.88,9.08,11609.0
978,600176,中国巨石,玻璃,浙江,14.33,35.02,35.02,338.05,92.74,182.35,34.38,0.98,0.442,4.31,1.96,19990422,75.48,2.16,1.43,-19.02,39.91,20.01,89233.0
979,600580,卧龙电驱,电气设备,浙江,10.12,12.91,12.93,190.0,98.02,36.16,18.52,1.43,0.627,5.16,1.64,20020606,37.12,2.87,12.48,81.94,26.65,8.76,43374.0
988,2629,*ST仁智,石油开采,浙江,0.0,3.45,4.12,2.95,1.19,0.39,0.89,0.22,-0.027,0.03,42.29,20111103,-5.21,-1.26,-97.44,47.34,23.62,-17.22,34123.0
992,980,众泰汽车,汽车配件,浙江,0.0,12.46,20.28,308.52,141.13,42.3,131.56,6.49,-0.375,8.29,0.35,20000616,13.91,0.69,-59.59,-283.02,13.07,-14.07,60000.0
1009,2003,伟星股份,服饰,浙江,12.0,6.5,7.58,34.47,16.65,11.72,5.99,0.79,0.369,3.18,1.86,20040625,7.94,1.05,3.05,-7.39,39.39,13.65,23188.0
1018,300306,远方信息,电器仪表,浙江,19.32,1.47,2.74,15.99,9.44,2.28,10.23,3.73,0.45,5.21,2.3,20120329,0.64,0.23,-11.04,10767.13,61.03,44.36,18178.0
1032,601233,桐昆股份,化纤,浙江,7.84,18.48,18.48,390.44,139.97,160.27,62.26,3.37,1.34,9.68,1.43,20110518,90.53,4.9,20.66,-2.1,13.22,6.58,50241.0
1035,2067,景兴纸业,造纸,浙江,16.9,9.74,11.11,63.88,32.05,24.91,16.58,1.49,0.1369999999999999,3.91,0.79,20060915,14.3,1.29,-12.18,-57.62,9.97,3.91,88116.0
1039,300118,东方日升,半导体,浙江,10.69,6.96,9.01,248.07,125.8,72.8,50.74,5.63,0.89,8.91,1.39,20100902,22.14,2.46,42.87,271.13,20.04,8.02,32440.0
1050,600537,亿晶光电,半导体,浙江,0.0,11.76,11.76,62.55,29.55,28.84,12.83,1.09,-0.034,3.05,1.03,20030123,10.8,0.92,-21.57,-161.1,12.44,-2.09,59098.0
1061,600059,古越龙山,红黄酒,浙江,40.81,8.09,8.09,45.64,30.3,12.02,18.81,2.33,0.148,5.08,1.59,19970516,11.71,1.45,-0.9,4.66,39.27,9.5,44813.0
1068,603331,百达精工,专用机械,浙江,25.16,0.32,1.28,13.36,7.01,3.66,3.19,2.49,0.489,5.85,2.8,20170705,2.81,2.18,9.75,8.39,26.34,9.87,8605.0
1076,2119,康强电子,半导体,浙江,47.06,3.68,3.75,18.15,9.98,5.24,1.12,0.3,0.211,2.34,5.65,20070302,3.42,0.91,-10.39,20.53,20.93,7.72,46414.0
1077,600763,通策医疗,医疗保健,浙江,65.89,3.21,3.21,25.77,5.81,7.89,0.0,0.0,1.246,5.4,20.29,19961030,13.75,4.29,22.11,45.13,47.93,28.13,19519.0
1079,600699,均胜电子,汽车配件,浙江,20.77,13.0,13.0,591.33,281.44,131.78,95.78,7.37,0.74,10.08,1.48,19931206,37.65,2.9,16.2,-33.6,17.0,1.53,53639.0
1094,2488,金固股份,汽车配件,浙江,89.14,7.69,10.11,73.55,32.37,9.87,30.31,3.0,0.072,3.96,2.16,20101021,1.56,0.15,-34.57,-42.28,23.49,4.99,65163.0
1095,603665,康隆达,纺织,浙江,23.63,0.37,1.0,13.87,7.25,2.92,5.89,5.89,0.6559999999999999,10.46,1.98,20170313,3.09,3.09,14.3,-10.15,27.31,8.84,6902.0
1106,600352,浙江龙盛,染料涂料,浙江,8.82,32.53,32.53,508.16,341.99,49.94,15.64,0.48,1.22,7.26,1.93,20030801,185.3,5.7,14.11,22.13,41.58,23.36,239421.0
1107,2389,航天彩虹,元器件,浙江,85.29,5.97,9.46,82.63,36.3,17.9,47.77,5.05,0.093,6.64,1.59,20100413,4.81,0.51,12.37,5.54,25.04,5.18,39340.0
1109,2126,银轮股份,汽车配件,浙江,16.33,7.58,7.92,80.76,44.68,18.51,10.39,1.31,0.3229999999999999,4.66,1.51,20070418,17.72,2.24,1.13,-9.84,24.04,6.63,33092.0
1111,600570,恒生电子,软件服务,浙江,58.45,8.03,8.03,67.21,45.93,3.49,4.26,0.53,1.001,4.74,16.44,20031216,25.26,3.14,17.02,122.86,97.66,34.99,96850.0
1148,600830,香溢融通,多元金融,浙江,89.31,4.54,4.54,27.93,12.56,0.77,5.24,1.15,0.047,4.58,1.23,19940224,9.88,2.17,-64.55,-27.68,22.03,9.86,35857.0
1172,909,数源科技,综合类,浙江,90.24,3.11,3.12,34.27,24.88,0.2,4.72,1.51,0.065,3.41,2.29,19990507,2.61,0.83,-39.13,-27.31,21.79,2.6,28577.0
1176,600023,浙能电力,火力发电,浙江,11.0,136.01,136.01,1098.16,252.16,489.97,241.1,1.77,0.267,4.64,0.84,20131219,190.22,1.4,-7.86,-3.39,12.43,9.15,180055.0
1179,600415,小商品城,商品城,浙江,15.7,54.43,54.43,309.07,158.26,48.06,15.18,0.28,0.188,2.31,1.7,20020509,44.99,0.83,18.28,-24.78,62.63,32.98,197653.0
1180,300478,杭州高新,橡胶,浙江,0.0,1.26,1.27,9.73,6.09,2.35,1.8,1.42,-0.107,4.22,2.81,20150610,1.85,1.46,-13.18,-151.12,15.1,-2.51,7133.0
1184,300652,雷迪克,汽车配件,浙江,27.65,0.3,0.88,14.35,11.38,1.84,3.51,3.99,0.5379999999999999,8.64,2.3,20170516,2.9,3.3,-0.88,-26.97,30.4,14.37,7735.0
1186,2647,仁东控股,多元金融,浙江,135.71,5.6,5.6,29.94,14.59,0.05,1.91,0.34,0.088,1.8,8.85,20111228,2.12,0.38,-7.25,65.67,25.59,5.33,8326.0
1189,600232,金鹰股份,纺织,浙江,69.63,3.65,3.65,19.69,14.82,3.89,4.01,1.1,0.065,3.04,1.98,20000602,2.58,0.71,-5.45,-7.7,16.55,2.86,32645.0
1205,603677,奇精机械,机械基件,浙江,31.91,0.57,1.94,17.44,11.04,4.26,4.69,2.42,0.288,5.07,2.41,20170206,2.94,1.52,20.92,7.1,15.36,4.79,8288.0
1218,2686,亿利达,专用机械,浙江,88.6,3.41,4.36,36.12,15.64,7.19,5.05,1.16,0.053,3.49,1.79,20120703,5.3,1.22,-8.35,-70.07,26.25,2.3,14927.0
1220,967,盈峰环境,环境保护,浙江,15.38,11.46,31.63,236.65,105.74,9.9,96.95,3.07,0.305,4.78,1.31,20000330,20.25,0.64,-3.18,71.9,24.88,11.05,28698.0
1228,300439,美康生物,医疗保健,浙江,18.64,2.02,3.46,44.96,22.53,4.08,6.08,1.76,0.6,5.97,2.47,20150422,10.73,3.1,0.26,3.67,35.56,8.72,18481.0
1261,603116,红蜻蜓,服饰,浙江,25.72,5.76,5.76,44.21,32.68,6.01,8.12,1.41,0.198,5.94,1.14,20150629,20.99,3.64,-4.68,-51.04,31.69,5.21,23507.0
1299,2624,完美世界,影视音像,浙江,18.87,11.6,12.93,173.6,118.52,3.63,23.41,1.81,1.141,7.38,3.89,20111028,56.8,4.39,5.43,12.0,65.68,25.39,22181.0
1327,2508,老板电器,家用电器,浙江,21.42,9.35,9.49,100.74,84.6,8.28,4.02,0.42,1.144,6.72,4.86,20101123,45.5,4.79,4.29,7.31,55.04,19.3,67606.0
1336,2574,明牌珠宝,服饰,浙江,22.48,5.28,5.28,41.97,28.34,1.93,16.51,3.13,0.172,6.18,0.83,20110422,9.64,1.83,-14.51,6.93,11.11,3.11,30687.0
1338,2142,宁波银行,银行,浙江,11.18,56.22,56.28,12397.19,0.0,63.88,187.85,3.34,2.02,14.67,1.93,20070719,397.75,7.07,20.37,20.04,0.0,41.92,61325.0
1343,600077,宋都股份,全国地产,浙江,0.0,13.4,13.4,377.24,346.85,0.57,4.07,0.3,-0.051,2.99,0.87,19970520,20.54,1.53,-21.31,-140.28,46.57,-5.59,36575.0
1365,600512,腾达建设,建筑工程,浙江,6.35,15.99,15.99,98.11,64.43,2.91,23.07,1.44,0.3289999999999999,2.96,0.94,20021226,6.68,0.42,2.17,4165.18,9.93,21.52,85576.0
1366,603337,杰克股份,纺织机械,浙江,26.0,1.18,4.46,42.91,25.02,9.1,6.21,1.39,0.5670000000000001,5.83,3.37,20170119,14.16,3.18,-9.63,-31.86,27.71,8.66,9216.0
1375,600704,物产中大,商贸代理,浙江,7.86,43.07,43.07,1041.58,733.86,69.03,39.34,0.91,0.49,4.46,1.29,19960606,93.97,2.18,18.52,29.93,2.68,0.94,68739.0
1385,2154,报喜鸟,服饰,浙江,16.44,11.07,12.18,43.79,20.45,5.92,2.85,0.23,0.134,2.28,1.29,20070816,10.58,0.87,3.34,131.28,62.22,7.53,90584.0
1388,2532,新界泵业,农用机械,浙江,20.89,4.31,5.03,20.07,7.92,6.59,1.31,0.26,0.212,2.75,2.15,20101231,6.35,1.26,8.64,-4.4,31.34,8.82,25505.0
1395,300645,正元智慧,软件服务,浙江,232.46,0.86,1.27,12.47,9.94,0.34,2.22,1.75,0.048,4.59,3.24,20170421,2.07,1.64,31.25,34.59,42.61,1.66,11764.0
1414,2032,苏泊尔,家用电器,浙江,39.64,6.1,8.21,103.56,85.56,8.49,1.82,0.22,1.53,7.76,10.36,20040817,49.84,6.07,11.22,13.04,30.67,8.38,10503.0
1415,603015,弘讯科技,电气设备,浙江,118.76,4.04,4.07,16.16,10.48,2.39,4.78,1.17,0.039,2.93,2.11,20150303,2.57,0.63,-24.07,-69.88,37.57,3.77,25314.0
1433,603277,银都股份,专用机械,浙江,12.82,1.56,4.1,25.92,19.87,3.29,7.4,1.81,0.561,4.73,2.03,20170911,6.82,1.66,16.58,16.56,45.16,17.91,20324.0
1446,2133,广宇集团,全国地产,浙江,8.96,6.35,7.74,115.39,105.0,0.18,8.47,1.09,0.273,4.37,0.75,20070427,15.63,2.02,23.14,-34.69,29.46,6.64,41355.0
1474,2112,三变科技,电气设备,浙江,201.25,1.99,2.02,10.71,7.53,1.7,0.84,0.42,0.026,1.93,3.58,20070208,0.68,0.34,17.12,111.58,20.37,1.06,20840.0
1480,2085,万丰奥威,汽车配件,浙江,19.07,21.14,21.87,139.66,69.34,45.85,1.15,0.05,0.275,2.77,2.52,20061128,35.57,1.63,-4.48,-23.28,21.61,7.84,30882.0
1486,600790,轻纺城,商品城,浙江,15.27,14.66,14.66,99.21,22.67,1.81,10.87,0.74,0.174,3.67,0.97,19970228,17.06,1.16,1.26,-16.57,60.44,34.54,37685.0
1489,600724,宁波富达,区域地产,浙江,9.94,14.45,14.45,51.5,31.36,6.03,2.6,0.18,0.2689999999999999,1.95,1.83,19960716,9.03,0.63,-33.22,27.19,35.42,17.07,28328.0
1493,2099,海翔药业,化学制药,浙江,12.68,16.04,16.19,67.41,32.32,12.68,26.7,1.65,0.45,3.49,2.07,20061226,14.56,0.9,15.11,42.87,50.73,29.04,73476.0
1495,603605,珀莱雅,日用化工,浙江,59.06,0.62,2.01,27.04,16.33,5.88,8.31,4.13,1.2,9.27,10.13,20171115,7.88,3.91,33.35,32.04,63.85,11.54,9770.0
1512,300512,中亚股份,专用机械,浙江,22.36,2.16,2.7,19.22,13.63,2.52,5.68,2.11,0.375,5.15,2.17,20160526,4.41,1.63,19.84,-32.0,37.37,16.38,18875.0
1516,300329,海伦钢琴,文教休闲,浙江,36.92,2.52,2.54,11.69,5.94,1.8,3.62,1.43,0.153,3.72,2.02,20120619,2.74,1.08,3.88,-6.76,28.68,9.67,25659.0
1519,601789,宁波建工,建筑工程,浙江,17.98,9.76,9.76,154.12,130.05,10.2,5.15,0.53,0.161,2.88,1.34,20110816,12.2,1.25,15.36,3.06,7.23,1.25,46957.0
1522,603607,京华激光,造纸,浙江,26.86,0.32,1.28,9.95,5.85,1.99,4.24,3.33,0.539,6.25,3.09,20171025,2.26,1.78,13.37,5.51,33.13,15.04,14332.0
1559,2244,滨江集团,区域地产,浙江,11.78,27.03,31.11,1150.65,1051.24,5.71,22.66,0.73,0.2769999999999999,5.12,0.85,20080529,94.87,3.05,-18.75,21.83,40.22,8.67,43264.0
1574,603617,君禾股份,专用机械,浙江,27.08,0.43,1.43,8.53,5.54,1.44,1.83,1.28,0.39,4.0,3.44,20170703,2.32,1.63,0.19,-2.39,25.88,11.55,12589.0
1575,600596,新安股份,化工原料,浙江,11.94,6.95,7.05,110.14,51.42,36.69,8.76,1.24,0.59,8.12,1.13,20010906,36.14,5.12,-0.96,-65.03,16.66,4.72,69234.0
1579,601865,福莱特,玻璃,浙江,26.89,1.5,19.5,85.4,39.79,30.8,8.39,0.43,0.26,2.24,4.17,20190215,28.43,1.46,49.71,75.08,30.17,15.01,36738.0
1582,603877,太平鸟,服饰,浙江,24.59,2.0,4.81,61.11,43.93,6.22,13.78,2.87,0.44,6.59,2.14,20170109,12.57,2.61,2.36,-26.78,54.75,4.13,13303.0
1600,2144,宏达高科,纺织,浙江,17.78,1.4,1.77,19.15,5.93,2.68,6.98,3.95,0.417,9.68,1.02,20070803,6.51,3.68,-2.67,-4.61,30.57,18.56,19112.0
1620,600814,杭州解百,百货,浙江,20.03,7.15,7.15,54.24,34.39,8.18,0.14,0.02,0.198,3.46,1.52,19940114,16.13,2.26,7.39,7.41,20.97,3.13,27851.0
1630,603606,东方电缆,电气设备,浙江,17.9,6.39,6.54,38.92,31.06,4.75,4.7,0.72,0.462,3.03,3.64,20141015,7.73,1.18,17.32,162.31,24.98,11.77,29569.0
1634,600051,宁波联合,综合类,浙江,24.35,3.11,3.11,82.97,64.55,7.69,1.39,0.45,0.176,7.7,0.74,19970410,16.21,5.21,-16.38,-32.04,6.75,2.12,25789.0
1647,600987,航民股份,纺织,浙江,9.88,9.21,10.81,68.6,45.7,19.0,0.56,0.05,0.461,4.24,1.43,20040809,31.03,2.87,-13.52,10.11,21.38,9.87,22631.0
1657,603578,三星新材,玻璃,浙江,27.39,0.32,0.9,8.55,6.58,0.72,2.84,3.18,0.53,6.44,2.98,20170306,1.88,2.1,-4.23,-6.78,32.9,18.94,10258.0
1670,600160,巨化股份,化工原料,浙江,16.11,27.45,27.45,157.62,74.61,50.3,45.49,1.66,0.324,4.73,1.47,19980626,50.82,1.85,-5.8,-46.32,17.22,7.88,78547.0
1671,603260,合盛硅业,化工原料,浙江,22.9,3.65,9.38,165.09,40.62,105.37,20.14,2.15,0.918,8.8,3.19,20171030,51.47,5.49,-22.48,-61.66,27.71,13.16,27392.0
1677,2756,永兴材料,特种钢,浙江,10.86,1.85,3.6,45.46,23.58,8.53,8.25,2.29,1.003,9.47,1.53,20150515,19.15,5.32,1.69,9.39,12.94,9.77,17700.0
1680,2010,传化智联,仓储物流,浙江,21.97,31.83,32.58,289.24,116.19,13.81,65.21,2.0,0.254,4.02,1.85,20040629,30.78,0.94,-13.82,104.55,13.67,5.46,24927.0
1682,603583,捷昌驱动,电气设备,浙江,22.1,1.06,1.78,20.6,15.6,2.91,9.28,5.23,1.267,9.84,3.8,20180921,5.58,3.15,37.47,40.82,38.63,22.21,9688.0
1687,603667,五洲新春,机械基件,浙江,19.8,2.63,2.92,30.43,14.32,7.87,9.38,3.21,0.32,5.88,1.31,20161025,4.79,1.64,41.11,1.37,20.77,6.15,18797.0
1690,300626,华瑞股份,电气设备,浙江,57.32,0.96,1.8,9.66,5.07,2.4,1.3,0.72,0.103,2.99,2.63,20170320,2.19,1.22,-14.61,-46.25,17.96,3.38,10930.0
1699,603085,天成自控,汽车配件,浙江,70.78,2.91,2.91,25.43,11.09,6.59,4.46,1.53,0.087,3.47,2.37,20150630,2.43,0.83,74.37,-37.76,22.64,2.34,20778.0
1705,2915,中欣氟材,化工原料,浙江,64.87,0.34,1.31,15.86,5.91,3.59,5.39,4.12,0.35,6.88,3.81,20171205,1.96,1.5,38.23,53.91,24.48,8.92,16559.0
1712,603238,诺邦股份,纺织,浙江,24.26,0.3,1.2,15.77,6.23,5.18,3.28,2.73,0.563,7.27,2.5,20170222,3.84,3.2,18.75,62.52,27.34,8.48,12106.0
1721,2427,*ST尤夫,化纤,浙江,0.0,3.85,3.98,58.5,26.2,16.17,5.9,1.48,-0.096,1.78,5.85,20100608,-3.77,-0.95,-18.46,-353.87,17.3,-1.6,10096.0
1727,2493,荣盛石化,化纤,浙江,28.75,58.16,62.91,1549.17,347.1,200.25,66.88,1.06,0.293,3.53,3.19,20101102,88.31,1.4,-5.36,0.92,6.46,3.09,16391.0
1736,603089,正裕工业,汽车配件,浙江,19.24,0.46,1.55,15.5,7.07,4.15,2.96,1.92,0.492,5.33,2.37,20170126,3.27,2.12,10.01,19.8,31.63,9.26,8780.0
1738,2795,永和智控,机械基件,浙江,34.24,2.0,2.0,7.04,4.95,0.71,2.44,1.22,0.285,3.03,4.3,20160428,1.17,0.59,-9.66,-6.33,30.76,12.53,22533.0
1741,2648,卫星石化,化工原料,浙江,11.94,10.37,10.66,172.4,77.71,41.52,41.62,3.91,0.865,8.35,1.65,20111228,33.4,3.13,15.81,48.04,25.6,11.49,36244.0
1742,600668,尖峰集团,水泥,浙江,5.87,3.44,3.44,54.97,17.34,12.82,4.51,1.31,1.786,10.58,1.32,19930728,25.39,7.38,11.25,25.89,40.99,23.93,31693.0
1746,2718,友邦吊顶,家居用品,浙江,33.38,0.66,1.31,17.04,6.53,2.27,4.06,3.09,0.373,9.21,1.8,20140128,5.87,4.46,-6.16,-48.38,32.93,9.72,7500.0
1750,603320,迪贝电气,机械基件,浙江,37.79,0.33,1.0,7.72,4.96,1.36,2.18,2.18,0.3389999999999999,6.41,2.66,20170502,2.98,2.98,5.07,-5.48,14.56,6.63,10352.0
1765,603889,新澳股份,纺织,浙江,14.99,5.12,5.12,30.4,17.17,9.14,9.59,1.87,0.2789999999999999,4.63,1.2,20141231,8.06,1.58,9.7,-14.38,14.91,6.46,12821.0
1766,603657,春光科技,塑料,浙江,22.98,0.29,0.96,9.63,7.49,0.97,5.18,5.4,0.792,8.77,2.77,20180730,2.0,2.08,11.14,1.49,33.03,19.01,11707.0
1771,603321,梅轮电梯,运输设备,浙江,59.81,1.16,3.07,15.6,11.35,2.75,3.45,1.12,0.1009999999999999,3.4,2.36,20170915,3.44,1.12,-1.26,-32.88,25.36,6.16,21322.0
1772,603301,振德医疗,医疗保健,浙江,22.86,0.55,1.4,23.93,13.63,5.72,6.59,4.71,0.679,8.47,2.44,20180412,3.66,2.61,25.02,11.56,31.88,7.4,13640.0
1773,603297,永新光学,电器仪表,浙江,26.6,0.51,1.09,12.0,8.45,1.42,5.13,4.69,0.922,9.98,3.28,20180910,4.02,3.68,-3.39,8.14,41.09,24.72,11070.0
1775,603178,圣龙股份,汽车配件,浙江,0.0,0.51,2.02,20.07,6.94,7.9,3.4,1.69,-0.47,3.62,3.07,20170328,1.75,0.87,-18.66,-321.81,8.22,-11.72,12053.0
1794,601018,宁波港,港口,浙江,12.62,128.0,131.73,724.64,161.34,307.31,86.08,0.65,0.223,3.04,1.23,20100928,153.76,1.17,4.43,21.67,26.79,17.07,201879.0
1800,600982,宁波热电,供气供热,浙江,22.25,7.47,10.87,63.15,27.07,19.29,13.94,1.28,0.1009999999999999,3.05,0.99,20040706,7.52,0.69,35.63,-36.2,12.85,4.28,40108.0
1811,600798,宁波海运,水运,浙江,17.61,10.31,12.07,73.13,11.27,27.22,11.87,0.98,0.151,2.95,1.2,19970423,9.17,0.76,-12.71,6.31,27.65,10.73,75555.0
1841,600290,华仪电气,电气设备,浙江,200.1,7.6,7.6,66.71,48.34,12.86,28.71,3.78,0.015,5.37,0.72,20001106,4.07,0.54,-25.75,-36.04,28.68,1.36,55149.0
1855,600130,波导股份,通信设备,浙江,145.57,7.68,7.68,10.54,7.39,0.7,4.56,0.59,0.018,1.16,3.04,20000706,-4.06,-0.53,-0.1,-60.22,8.78,3.43,84186.0
1867,300796,贝斯美,化工原料,浙江,0.0,0.0,0.0,7.93,4.21,2.41,3.17,0.0,0.0,0.0,0.0,0,1.58,0.0,0.0,0.0,29.67,13.53,0.0
1879,300351,永贵电器,元器件,浙江,29.53,2.39,3.84,28.68,17.49,5.47,18.05,4.71,0.225,6.26,1.41,20120920,1.72,0.45,-12.18,-25.92,33.04,10.82,25375.0
1892,300068,南都电源,电气设备,浙江,21.15,8.06,8.71,134.4,70.78,34.34,38.76,4.45,0.3779999999999999,7.38,1.44,20100421,15.58,1.79,-1.67,-24.11,11.49,5.08,53269.0
1901,2712,思美传媒,广告包装,浙江,14.98,3.76,5.81,45.61,25.18,0.05,18.89,3.25,0.3289999999999999,5.58,1.18,20140123,9.62,1.66,-51.0,-4.23,19.1,9.31,20917.0
1909,2590,万安科技,汽车配件,浙江,91.37,4.34,4.8,34.63,20.91,8.67,7.86,1.64,0.055,3.77,1.79,20110610,4.69,0.98,-9.18,-65.73,21.41,1.7,43831.0
1919,2489,浙江永强,家居用品,浙江,16.23,18.79,21.76,57.88,32.31,8.82,2.83,0.13,0.1639999999999999,1.54,2.31,20101021,6.52,0.3,15.55,418.23,27.91,11.76,105000.0
1924,2434,万里扬,汽车配件,浙江,24.77,10.09,13.4,100.4,39.12,15.67,30.4,2.27,0.27,4.56,1.88,20100618,17.54,1.31,1.95,-5.36,23.63,10.58,21259.0
1932,2344,海宁皮城,商品城,浙江,16.84,12.75,12.83,113.53,30.08,3.88,18.06,1.41,0.1889999999999999,6.0,0.71,20100126,42.14,3.28,-6.91,-18.3,54.71,23.29,37240.0
1937,2284,亚太股份,汽车配件,浙江,0.0,6.86,7.38,58.03,32.68,17.67,11.37,1.54,-0.1009999999999999,3.42,1.38,20090828,5.0,0.68,-22.61,-311.73,12.87,-3.32,71346.0
1944,2206,海利得,化纤,浙江,13.23,9.71,12.23,52.43,22.97,20.13,8.89,0.73,0.21,2.23,1.57,20080123,6.33,0.52,11.87,-16.16,19.21,8.14,27926.0
1948,2173,创新医疗,医疗保健,浙江,0.0,3.71,4.55,39.89,14.04,10.93,27.54,6.05,-0.134,7.82,0.72,20070925,3.22,0.71,-9.59,-149.57,25.13,-8.48,15664.0
1958,2056,横店东磁,元器件,浙江,16.54,16.24,16.44,80.73,51.6,21.39,0.1,0.01,0.303,3.12,2.15,20060802,29.17,1.77,-1.34,-5.73,23.13,10.44,82000.0
2003,603908,牧高笛,纺织,浙江,32.12,0.23,0.67,6.11,5.56,0.34,2.29,3.44,0.637,6.68,4.08,20170307,1.19,1.78,-3.74,-0.19,28.83,9.59,9186.0
2013,603110,东方材料,染料涂料,浙江,41.23,0.54,1.44,7.73,5.92,0.98,2.39,1.66,0.281,4.45,3.47,20171013,2.36,1.64,2.88,41.35,37.7,13.76,13429.0
2016,2849,威星智能,电器仪表,浙江,25.9,0.65,1.32,14.62,12.45,1.23,2.49,1.88,0.417,5.0,2.88,20170217,2.7,2.04,42.08,14.8,30.5,6.76,11671.0
2018,601116,三江购物,超市连锁,浙江,42.15,4.11,5.48,45.0,32.57,9.74,19.89,3.63,0.249,5.74,2.44,20110302,4.83,0.88,-2.12,70.92,24.51,4.44,37389.0
2022,300666,江丰电子,元器件,浙江,201.25,0.94,2.19,14.68,8.34,3.76,2.0,0.91,0.149,2.95,13.53,20170615,2.01,0.92,21.23,-28.02,29.73,5.72,31427.0
2025,603500,祥和实业,运输设备,浙江,25.07,0.5,1.76,9.43,7.11,1.12,4.5,2.55,0.369,4.95,2.5,20170904,2.18,1.24,16.07,39.72,44.89,27.63,14198.0
2026,411,英特集团,医药商业,浙江,18.7,2.07,2.49,117.18,105.23,5.6,4.53,1.82,0.57,5.98,2.06,19960716,7.62,3.06,19.96,64.7,6.59,0.67,10556.0
2033,2120,韵达股份,仓储物流,浙江,27.99,5.75,22.27,196.02,97.97,50.93,34.31,1.54,0.878,5.73,5.72,20070306,67.79,3.04,162.26,-1.29,14.38,8.06,9687.0
2034,2860,星帅尔,电气设备,浙江,16.8,0.48,1.17,13.4,9.33,2.68,2.77,2.36,1.0,6.99,3.11,20170412,4.08,3.48,68.46,49.31,32.98,22.06,12600.0
2037,300743,天地数码,IT设备,浙江,64.54,0.55,0.98,5.22,3.67,1.17,1.62,1.65,0.245,3.97,5.3,20180427,1.12,1.14,2.45,-1.42,30.68,8.12,13085.0
2044,600283,钱江水利,水务,浙江,137.43,3.53,3.53,51.59,11.06,27.17,11.62,3.29,0.052,5.18,1.85,20001018,2.41,0.68,9.06,-79.52,38.5,2.15,24793.0
2048,603001,奥康国际,服饰,浙江,26.43,4.01,4.01,45.78,30.26,4.47,19.3,4.81,0.27,9.63,0.97,20120426,14.88,3.71,-9.56,-38.48,36.62,5.37,16646.0
2051,300766,每日互动,互联网,浙江,93.13,0.4,4.0,17.72,16.26,0.53,8.0,2.0,0.3,4.24,8.61,20190325,4.55,1.14,0.0,0.0,75.19,32.06,17467.0
2056,2115,三维通信,互联网,浙江,30.4,5.32,7.2,46.18,20.51,5.91,12.31,1.71,0.213,3.46,2.5,20070215,4.9,0.68,46.94,-8.17,11.06,4.39,79098.0
2057,2326,永太科技,化工原料,浙江,17.83,6.66,8.79,69.54,28.43,19.39,8.99,1.02,0.361,3.65,2.35,20091222,13.02,1.48,26.18,-20.23,29.44,11.9,65078.0
2065,603901,永创智能,专用机械,浙江,29.93,2.23,4.39,30.45,22.72,3.66,4.27,0.97,0.209,3.0,2.77,20150529,4.57,1.04,17.56,32.47,29.69,6.74,24598.0
2082,2343,慈文传媒,影视音像,浙江,28.77,4.02,4.75,23.51,21.09,0.31,8.52,1.79,0.1889999999999999,3.3,2.2,20100126,0.8,0.17,-36.03,-63.38,19.66,10.56,22108.0
2083,300539,横河模具,塑料,浙江,176.22,1.13,2.2,9.89,4.78,2.57,1.02,0.46,0.031,2.18,3.31,20160830,1.43,0.65,0.26,-45.7,19.23,1.72,13303.0
2096,2520,日发精机,机床制造,浙江,33.41,4.97,7.56,57.16,19.01,28.15,18.16,2.4,0.152,3.66,1.85,20101210,2.85,0.38,11.83,9.74,34.51,7.16,25868.0
2107,600330,天通股份,元器件,浙江,31.59,9.97,9.97,64.69,28.62,20.54,24.58,2.47,0.147,4.04,1.53,20010118,5.52,0.55,-0.58,-37.11,24.24,7.73,76052.0
2108,603685,晨丰科技,电气设备,浙江,18.45,0.57,1.69,14.74,9.37,3.14,5.23,3.09,0.495,6.06,2.01,20171127,3.01,1.78,32.04,19.07,23.76,10.28,10478.0
2114,906,浙商中拓,批发业,浙江,7.46,6.55,6.75,176.59,163.89,3.37,6.28,0.93,0.54,3.49,1.67,19990707,10.12,1.5,7.95,89.51,2.36,0.8,21901.0
2130,2064,华峰氨纶,化纤,浙江,19.02,15.56,16.77,63.29,25.49,19.85,0.2,0.01,0.213,2.45,2.2,20060823,21.26,1.27,-2.42,-0.48,22.86,10.89,65021.0
2150,603711,香飘飘,软饮料,浙江,59.8,0.46,4.19,36.61,19.04,12.28,6.86,1.64,0.315,5.53,4.54,20171130,12.63,3.01,41.67,57.41,39.22,5.56,11332.0
2173,603789,星光农机,农用机械,浙江,171.91,2.6,2.6,16.8,9.55,3.63,5.19,2.0,0.06,4.03,3.44,20150427,1.93,0.74,3.64,220.18,23.5,2.87,25702.0
2178,300020,银江股份,软件服务,浙江,33.25,6.17,6.56,62.63,45.36,1.9,15.97,2.44,0.207,5.06,1.81,20091030,9.46,1.44,-4.32,998.4,25.75,9.34,49453.0
2184,300611,美力科技,机械基件,浙江,50.91,0.68,1.79,11.0,5.45,3.44,2.6,1.45,0.131,3.75,2.38,20170220,2.14,1.2,3.47,-11.45,29.38,5.84,13121.0
2190,300283,温州宏丰,电气设备,浙江,82.71,2.26,4.14,14.81,7.06,4.74,0.17,0.04,0.04,1.44,3.05,20120110,1.39,0.34,54.21,-7.9,9.52,1.26,11620.0
2202,603010,万盛股份,化工原料,浙江,23.0,3.25,3.47,21.41,9.4,7.33,3.73,1.08,0.4,3.52,3.53,20141010,4.89,1.41,24.66,3.52,24.5,9.93,10642.0
2203,2633,申科股份,机械基件,浙江,0.0,1.49,1.5,6.36,3.46,2.1,3.05,2.03,-0.069,3.43,2.41,20111122,0.42,0.28,-15.74,-787.24,22.68,-11.48,9504.0
2206,601339,百隆东方,纺织,浙江,15.59,15.0,15.0,143.48,67.01,43.17,23.58,1.57,0.198,5.34,0.77,20120612,35.12,2.34,0.24,-36.26,17.28,6.49,34718.0
2218,603980,吉华集团,染料涂料,浙江,10.15,3.44,7.0,52.55,36.42,11.5,11.44,1.63,0.72,6.47,1.23,20170615,24.62,3.52,-5.66,-25.38,33.02,19.96,35603.0
2237,300244,迪安诊断,医疗保健,浙江,29.46,3.82,6.2,108.05,65.77,9.06,16.09,2.59,0.5670000000000001,6.44,3.46,20110719,17.22,2.78,27.1,20.47,32.28,5.66,31168.0
2251,300266,兴源环境,环境保护,浙江,67.64,14.5,15.64,100.15,75.49,3.27,13.8,0.88,0.04,1.62,2.21,20110927,-4.58,-0.29,-33.28,-52.09,21.94,4.39,46252.0
2264,603917,合力科技,汽车配件,浙江,21.47,0.8,1.57,12.81,7.23,2.65,2.9,1.85,0.362,6.07,1.71,20171204,4.41,2.82,1.11,-15.75,31.93,13.75,13041.0
2275,300145,中金环境,专用机械,浙江,14.56,14.1,19.23,109.81,41.13,10.96,7.5,0.39,0.174,2.67,1.26,20101209,23.39,1.22,-9.4,-33.57,38.95,11.79,32990.0
2277,601113,ST华鼎,化纤,浙江,10.96,9.08,11.41,92.78,45.41,15.2,39.61,3.47,0.22,5.28,0.63,20110509,8.39,0.74,33.77,9.53,29.02,4.39,33244.0
2280,558,莱茵体育,文教休闲,浙江,0.0,12.88,12.89,23.51,7.24,2.75,0.7,0.05,-0.047,0.94,3.54,19940509,-2.2,-0.17,-87.3,-405.88,20.64,-72.23,80994.0
2308,2940,昂利康,化学制药,浙江,20.29,0.47,0.9,13.31,9.35,2.34,5.41,6.02,1.004,10.48,2.59,20181023,2.71,3.01,20.58,-8.87,71.86,8.47,13246.0
2341,300025,华星创业,通信设备,浙江,396.16,3.99,4.29,19.53,15.09,0.38,0.32,0.07,0.011,1.78,3.16,20091030,2.95,0.69,-21.79,112.65,16.55,0.61,37505.0
2363,300300,汉鼎宇佑,软件服务,浙江,41.53,6.71,6.8,34.85,13.08,2.06,10.7,1.57,0.196,3.67,2.96,20120319,6.17,0.91,6.25,-2.76,18.5,32.23,22262.0
2380,600173,卧龙地产,全国地产,浙江,8.4,7.0,7.01,75.59,64.96,0.07,0.2,0.03,0.46,3.68,1.42,19990415,17.03,2.43,-37.22,4.12,46.88,26.02,26100.0
2383,2468,申通快递,仓储物流,浙江,21.6,3.32,15.31,126.98,60.22,27.76,31.94,2.09,0.722,5.77,3.61,20100908,47.01,3.07,41.01,-31.35,11.99,7.06,26416.0
2391,2196,方正电机,纺织机械,浙江,107.16,3.7,4.69,29.21,13.44,5.23,17.3,3.69,0.036,4.51,1.14,20071212,-1.23,-0.26,-8.8,-70.49,18.28,1.98,28818.0
2416,600776,东方通信,通信设备,浙江,342.33,9.56,12.56,37.66,29.19,2.06,8.97,0.71,0.043,2.43,8.04,19961126,7.74,0.62,15.43,-29.86,13.8,2.98,186154.0
2421,603388,元成股份,建筑工程,浙江,16.65,1.22,2.89,29.25,20.06,0.87,2.51,0.87,0.326,3.4,2.12,20170324,4.46,1.54,4.98,10.33,25.92,11.53,11247.0
2425,603767,中马传动,汽车配件,浙江,29.67,0.95,2.99,17.91,9.66,6.3,6.42,2.15,0.182,4.76,1.51,20170613,3.87,1.3,0.48,10.4,18.49,8.23,18235.0
2426,603700,宁波水表,电器仪表,浙江,20.83,0.39,1.56,15.15,13.82,0.88,5.58,3.57,0.88,7.46,3.2,20190122,3.73,2.38,26.21,30.8,34.82,14.72,16987.0
2432,963,华东医药,化学制药,浙江,15.41,17.5,17.5,225.1,149.64,20.4,21.58,1.23,1.265,6.66,3.9,20000127,71.86,4.11,19.06,22.33,32.34,8.01,84296.0
2433,603456,九洲药业,化学制药,浙江,63.1,8.03,8.06,36.07,17.4,13.21,9.49,1.18,0.168,3.42,4.15,20141010,8.66,1.08,7.04,43.21,31.48,9.99,12104.0
2435,300111,向日葵,半导体,浙江,0.0,11.17,11.2,15.52,8.61,4.85,0.46,0.04,-0.001,0.03,88.95,20100827,-12.09,-1.08,-9.03,99.33,17.92,-0.25,101610.0
2440,300270,中威电子,通信设备,浙江,505.98,1.84,3.03,14.47,9.07,2.49,5.06,1.67,0.0139999999999999,3.42,2.73,20111012,1.95,0.64,-6.23,145.34,39.45,2.07,24876.0
2443,300519,新光药业,中成药,浙江,24.07,1.14,1.6,8.39,6.77,1.09,1.61,1.01,0.433,4.84,2.87,20160624,3.87,2.42,4.48,4.55,55.05,32.49,14299.0
2444,300451,创业慧康,软件服务,浙江,54.25,5.46,7.28,31.76,12.34,2.94,9.63,1.32,0.254,3.42,5.37,20150514,7.6,1.04,17.83,65.49,52.12,19.63,26812.0
2452,2006,精功科技,专用机械,浙江,0.0,4.55,4.55,18.59,12.58,4.17,2.7,0.59,-0.14,2.11,2.16,20040625,1.31,0.29,-11.73,-299.25,17.53,-9.88,41269.0
2458,2703,浙江世宝,汽车配件,浙江,0.0,5.53,7.9,19.64,10.07,6.82,1.82,0.23,-0.044,1.83,2.46,20121102,3.36,0.43,-22.49,-544.84,16.9,-5.07,40509.0
2475,600576,祥源文化,影视音像,浙江,35.69,5.26,6.19,22.29,10.63,0.43,10.42,1.68,0.091,3.11,1.4,20030220,2.18,0.35,-10.58,-21.34,32.52,12.93,49641.0
2489,601689,拓普集团,汽车配件,浙江,29.78,10.48,10.55,107.25,50.57,35.58,34.09,3.23,0.32,6.88,1.85,20150319,24.31,2.3,-15.5,-45.33,26.15,8.96,28025.0
2494,300133,华策影视,影视音像,浙江,341.63,13.81,17.56,131.71,103.17,0.25,29.54,1.68,0.0139999999999999,3.96,1.59,20101026,24.81,1.41,-63.43,-93.18,30.93,1.85,28563.0
2497,600114,东睦股份,机械基件,浙江,36.87,6.39,6.46,38.58,13.86,14.97,13.97,2.16,0.128,3.77,1.66,20040511,4.77,0.74,-9.83,-66.93,24.68,6.09,27090.0
2500,300401,花园生物,食品,浙江,14.53,4.59,4.79,20.3,11.75,3.89,1.59,0.33,0.645,3.56,3.5,20141009,10.86,2.27,21.56,37.47,73.72,53.42,23107.0
2509,2250,联化科技,化工原料,浙江,33.71,8.97,9.24,94.47,41.43,34.19,22.12,2.39,0.317,6.48,2.2,20080619,27.19,2.94,26.65,1734.56,38.6,8.88,20846.0
2511,300357,我武生物,生物制药,浙江,77.41,4.57,5.24,13.74,10.28,1.31,1.28,0.24,0.471,2.33,20.88,20140121,4.74,0.9,29.64,30.23,96.51,49.32,14676.0
2516,600366,宁波韵升,电器仪表,浙江,95.16,9.89,9.89,57.24,34.21,11.53,1.47,0.15,0.047,4.3,1.4,20001030,29.22,2.95,-12.35,-28.21,17.96,3.48,87619.0
2518,300702,天宇股份,化学制药,浙江,12.89,0.53,1.82,27.48,14.53,7.75,6.97,3.82,2.48,10.36,4.04,20170919,9.67,5.31,57.71,463.43,54.38,28.07,16563.0
2523,603926,铁流股份,汽车配件,浙江,18.02,0.86,1.6,19.37,10.56,5.37,4.77,2.97,0.5,6.78,1.74,20170510,4.08,2.54,19.87,6.8,25.43,7.29,12330.0
2524,2364,中恒电气,电气设备,浙江,79.87,5.15,5.64,24.57,19.48,1.99,10.53,1.87,0.111,3.76,3.13,20100305,6.82,1.21,7.23,-29.93,37.73,10.03,35073.0
2527,2164,宁波东力,电气设备,浙江,23.66,4.36,6.99,17.24,8.69,5.43,23.46,3.36,0.124,0.95,4.12,20070823,-24.28,-3.47,-94.02,102.71,30.92,12.18,43381.0
2533,603239,浙江仙通,汽车配件,浙江,31.52,0.91,2.71,11.32,7.17,2.31,3.01,1.11,0.23,3.55,2.72,20161230,3.22,1.19,-18.31,-45.39,35.97,14.2,16269.0
2537,600152,维科技术,电气设备,浙江,0.0,3.0,4.21,27.56,18.35,4.89,8.81,2.09,-0.111,3.14,1.84,19980609,-0.37,-0.09,-7.38,-148.61,12.76,-4.52,34395.0
2541,603165,荣晟环保,造纸,浙江,12.31,0.44,1.77,18.35,11.96,4.14,3.11,1.76,1.046,7.53,2.28,20170117,7.58,4.27,-15.24,31.76,16.05,14.03,13375.0
2543,2725,跃岭股份,汽车配件,浙江,48.08,1.77,2.56,11.45,4.13,3.83,2.97,1.16,0.149,3.78,2.52,20140129,3.58,1.4,-20.64,42.72,21.05,7.09,26370.0
2544,603557,起步股份,服饰,浙江,22.41,2.19,4.74,25.84,19.72,3.85,5.57,1.17,0.319,3.56,2.68,20170818,6.39,1.35,14.04,2.46,35.86,14.24,18261.0
2550,2687,乔治白,服饰,浙江,19.0,2.94,3.5,14.78,7.68,4.65,3.29,0.94,0.2239999999999999,3.05,1.86,20120713,2.99,0.86,13.71,32.97,50.82,10.65,21217.0
2551,2617,露笑科技,电气设备,浙江,28.99,10.65,15.11,86.34,38.24,37.87,19.0,1.26,0.17,2.03,2.8,20110920,-3.57,-0.24,-20.25,71.43,24.41,12.02,36318.0
2563,600175,美都能源,综合类,浙江,0.0,35.76,35.76,148.19,46.46,2.06,64.07,1.79,-0.059,2.69,0.69,19990408,-6.81,-0.19,-42.16,-244.17,10.73,-7.62,149461.0
2570,603568,伟明环保,环境保护,浙江,20.95,9.39,9.42,63.44,16.13,2.51,3.47,0.37,0.8,3.93,5.62,20150528,22.83,2.42,31.43,29.05,62.02,48.44,16752.0
2571,300649,杭州园林,建筑工程,浙江,46.11,0.32,1.28,8.6,6.47,1.93,0.67,0.52,0.3289999999999999,3.01,6.72,20170505,1.64,1.28,43.11,33.64,21.37,7.83,12912.0
2591,603556,海兴电力,电器仪表,浙江,15.91,1.68,4.91,66.9,52.56,4.11,24.17,4.92,0.755,10.36,1.55,20161110,20.09,4.09,8.18,32.99,41.96,18.64,27400.0
2615,300078,思创医惠,元器件,浙江,68.76,7.29,8.08,35.67,17.41,2.79,7.84,0.97,0.15,2.83,4.86,20100430,6.2,0.77,21.44,11.35,41.76,11.36,35169.0
2624,601567,三星医疗,电器仪表,浙江,8.77,13.87,13.87,137.6,68.23,12.54,30.58,2.21,0.578,5.62,1.2,20110615,30.71,2.21,15.54,93.05,30.53,16.48,28791.0
2630,603055,台华新材,纺织,浙江,19.95,1.41,7.67,44.25,20.72,16.33,5.02,0.66,0.252,3.37,1.99,20170921,12.45,1.62,-12.63,-43.01,25.79,9.77,17395.0
2636,300550,和仁科技,软件服务,浙江,67.34,1.13,1.17,9.46,7.36,0.85,2.81,2.4,0.31,5.16,5.14,20161018,2.37,2.02,27.18,34.98,46.4,11.82,10973.0
2640,600796,钱江生化,农药化肥,浙江,0.0,3.01,3.01,9.3,4.29,3.78,0.38,0.12,-0.035,1.88,2.62,19970408,1.46,0.48,-13.69,43.36,11.52,-3.69,31266.0
2652,603045,福达合金,电气设备,浙江,33.17,0.95,1.38,14.37,9.9,2.66,2.46,1.79,0.368,5.83,2.79,20180517,3.65,2.65,13.71,36.48,14.03,4.71,21110.0
2668,2730,电光科技,电气设备,浙江,31.95,2.9,3.23,16.48,10.05,2.26,1.79,0.55,0.185,3.05,2.58,20141009,4.32,1.34,7.96,21.55,35.11,8.59,23008.0
2671,600857,宁波中百,百货,浙江,37.97,2.24,2.24,11.75,4.1,1.98,0.65,0.29,0.186,2.19,4.31,19940425,-1.09,-0.49,-2.39,34.49,12.68,5.89,12486.0
2676,603610,麒盛科技,家居用品,浙江,20.62,0.38,1.5,19.24,12.76,2.07,4.73,3.15,1.807,18.11,2.74,20191029,4.9,3.26,0.0,0.0,38.51,13.97,40451.0
2678,300772,运达股份,电气设备,浙江,132.2,0.73,2.94,98.01,74.03,5.43,6.81,2.32,0.12,4.91,3.76,20190426,4.1,1.39,0.0,0.0,15.03,1.14,30298.0
2686,2061,浙江交科,建筑工程,浙江,13.47,7.51,13.76,311.54,233.23,36.04,29.35,2.13,0.3389999999999999,5.4,1.13,20060816,28.57,2.08,4.48,-52.08,7.63,2.44,33470.0
2706,2021,*ST中捷,纺织机械,浙江,0.0,6.87,6.88,11.1,6.43,2.29,5.0,0.73,-0.069,0.95,1.57,20040715,-5.75,-0.84,-37.38,-302.67,16.77,-8.4,29232.0
2735,603258,电魂网络,互联网,浙江,27.85,2.4,2.44,23.88,14.8,2.25,8.79,3.61,0.59,7.44,2.9,20161026,5.88,2.41,51.62,59.35,82.99,29.2,27880.0
2745,601579,会稽山,红黄酒,浙江,38.72,4.97,4.97,44.0,18.37,12.39,17.42,3.5,0.1639999999999999,6.36,1.33,20140825,8.22,1.65,-2.8,-17.02,40.16,10.74,17579.0
2749,603896,寿仙谷,中成药,浙江,55.93,0.62,1.44,12.4,5.45,2.07,6.31,4.39,0.396,7.46,3.96,20170510,3.17,2.2,5.97,-4.99,84.17,16.59,14456.0
2755,603701,德宏股份,汽车配件,浙江,37.91,2.01,2.04,8.77,5.07,1.9,1.97,0.96,0.22,3.38,3.29,20160412,2.57,1.26,-0.67,-55.84,30.31,13.35,26782.0
2756,603726,朗迪集团,机械基件,浙江,18.03,1.86,1.86,15.91,9.28,4.09,1.2,0.65,0.462,4.82,2.31,20160421,5.58,3.0,0.23,-10.31,24.37,7.05,12005.0
2761,603105,芯能科技,电气设备,浙江,57.24,3.08,5.0,25.82,7.02,17.95,7.15,1.43,0.09,2.91,2.37,20180709,2.11,0.42,-8.9,-37.29,49.81,15.78,47576.0
2762,300746,汉嘉设计,建筑工程,浙江,49.42,0.63,2.26,23.01,8.56,2.25,4.83,2.14,0.22,5.09,2.7,20180525,3.83,1.69,12.5,6.88,17.83,6.75,20878.0
2766,603008,喜临门,家居用品,浙江,15.48,3.87,3.95,62.33,34.8,13.83,14.13,3.58,0.728,6.6,2.28,20120717,7.2,1.82,13.06,80.33,35.08,8.58,14403.0
2790,603558,健盛集团,纺织,浙江,12.66,3.84,4.16,36.4,11.19,11.82,19.11,4.59,0.56,7.25,1.27,20150127,7.68,1.84,14.64,31.04,29.37,17.35,12206.0
2795,705,浙江震元,医药商业,浙江,24.61,2.82,3.34,23.28,14.12,5.27,5.37,1.61,0.1989999999999999,4.45,1.46,19970410,5.1,1.53,15.75,18.65,21.52,2.79,27175.0
2811,2793,东音股份,专用机械,浙江,65.76,2.37,3.59,13.6,6.41,2.02,1.78,0.5,0.13,2.67,4.28,20160415,3.57,1.0,22.01,-44.56,25.94,5.81,19741.0
2815,600633,浙数文化,互联网,浙江,20.85,12.9,13.02,99.55,24.41,4.12,32.19,2.47,0.33,6.09,1.45,19930304,35.61,2.74,51.29,3.48,72.55,20.55,49285.0
2818,2602,世纪华通,互联网,浙江,19.57,25.92,59.56,340.27,138.05,12.47,121.19,2.03,0.337,4.02,2.19,20110728,67.16,1.13,18.12,-15.13,48.78,18.37,28036.0
2825,603033,三维股份,橡胶,浙江,25.64,0.77,3.04,42.15,18.58,3.8,17.1,5.62,0.61,9.22,2.16,20161207,7.33,2.41,55.6,146.29,33.51,14.43,6641.0
2839,603897,长城科技,电气设备,浙江,20.88,0.56,1.78,27.23,22.85,1.71,9.26,5.19,0.655,9.93,1.84,20180410,6.07,3.4,-4.08,-17.7,7.34,3.25,20601.0
2841,603703,盛洋科技,通信设备,浙江,782.48,1.09,2.3,13.32,6.61,3.41,0.86,0.37,0.0139999999999999,1.92,7.61,20150423,0.95,0.42,47.99,151.26,24.61,0.52,14908.0
2849,300163,先锋新材,其他建材,浙江,38.81,3.42,4.74,8.55,4.7,3.23,1.31,0.28,0.07,1.19,3.03,20110113,-0.66,-0.14,-16.95,122.12,41.76,9.35,27254.0
2851,600113,浙江东日,区域地产,浙江,18.73,4.11,4.11,17.67,3.57,1.55,3.45,0.84,0.31,3.52,2.05,19971021,6.86,1.67,19.37,39.58,51.03,33.17,33364.0
2858,2372,伟星新材,其他建材,浙江,22.34,14.15,15.73,44.65,28.4,8.53,1.75,0.11,0.44,2.29,5.74,20100318,14.52,0.92,5.15,5.86,46.8,22.19,20678.0
2863,300637,扬帆新材,化工原料,浙江,22.34,1.24,2.35,9.26,2.58,1.93,2.35,1.0,0.3979999999999999,3.24,3.66,20170412,2.79,1.19,2.96,-12.82,43.19,23.06,14998.0
2872,600235,民丰特纸,造纸,浙江,184.43,3.51,3.51,22.04,9.75,10.53,8.3,2.36,0.019,3.68,1.26,20000615,0.4,0.11,-6.92,-65.0,14.29,0.62,36086.0
2886,300729,乐歌股份,家居用品,浙江,38.78,0.25,0.87,14.37,10.26,2.8,3.48,3.99,0.441,8.83,2.58,20171201,3.09,3.55,3.27,-10.91,45.87,5.46,9118.0
2887,300347,泰格医药,医疗保健,浙江,73.88,5.29,7.5,63.1,32.52,2.35,17.11,2.28,0.705,5.15,13.46,20120817,13.65,1.82,27.38,66.12,46.9,26.0,22523.0
2926,300441,鲍斯股份,机床制造,浙江,40.75,2.7,6.61,30.58,12.36,8.73,5.16,0.78,0.155,2.44,3.45,20150423,3.9,0.59,3.0,-24.2,34.91,9.07,11214.0
2928,603520,司太立,化学制药,浙江,40.35,1.68,1.68,34.16,11.92,10.1,4.08,2.43,0.8190000000000001,5.88,7.5,20160309,3.48,2.07,55.43,62.08,42.01,13.94,9611.0
2940,603733,仙鹤股份,造纸,浙江,24.64,0.62,6.12,57.69,25.44,17.93,18.85,3.08,0.4379999999999999,5.62,2.56,20180420,8.62,1.41,12.62,7.14,16.96,8.16,24383.0
2944,2214,大立科技,电器仪表,浙江,38.43,3.57,4.59,15.48,11.84,0.9,1.98,0.43,0.2,2.43,4.2,20080218,4.07,0.89,32.96,180.62,60.31,23.16,36683.0
2951,2562,兄弟科技,化学制药,浙江,178.07,5.39,9.02,37.03,11.51,15.53,6.94,0.77,0.021,2.41,2.1,20110310,5.2,0.58,-16.41,-74.54,26.52,2.14,39041.0
2965,603076,乐惠国际,专用机械,浙江,26.38,0.27,0.75,18.87,15.61,1.54,5.11,6.86,0.6759999999999999,11.13,2.14,20171113,1.8,2.42,-11.57,-10.22,30.12,8.06,8372.0
2967,601002,晋亿实业,机械基件,浙江,27.94,7.93,7.93,44.31,29.71,11.48,11.01,1.39,0.159,3.41,1.74,20070126,6.08,0.77,-3.78,5.75,22.8,5.37,74524.0
2970,2619,艾格拉斯,互联网,浙江,16.97,14.21,18.45,73.42,26.75,0.03,30.91,1.68,0.131,3.61,0.82,20110929,17.43,0.94,-4.67,-31.11,68.09,46.17,54481.0
2972,2767,先锋电子,电器仪表,浙江,95.95,1.24,1.5,8.57,7.05,0.14,2.87,1.92,0.1159999999999999,4.85,3.05,20150612,2.44,1.63,0.38,-13.94,32.07,8.1,11694.0
2986,2430,杭氧股份,化工机械,浙江,15.81,9.5,9.65,120.74,66.29,39.31,16.17,1.68,0.551,5.89,1.97,20100610,26.78,2.78,0.32,-1.47,20.99,8.88,22962.0
2990,2443,金洲管道,钢加工,浙江,16.38,5.11,5.21,34.95,24.73,7.87,7.74,1.49,0.309,4.47,1.51,20100706,9.25,1.78,8.26,46.9,14.61,4.43,40595.0
2991,600273,嘉化能源,化工原料,浙江,10.96,14.14,14.33,82.79,26.46,41.81,24.81,1.73,0.67,4.82,1.99,20030627,30.12,2.1,-3.03,10.19,35.51,23.19,35781.0
2998,600768,宁波富邦,铝,浙江,9.31,1.34,1.34,3.45,2.93,0.03,0.16,0.12,0.846,1.71,6.12,19961111,0.66,0.49,-21.98,1673.12,2.96,26.16,9760.0
3007,300411,金盾股份,专用机械,浙江,18.47,1.48,4.56,19.23,13.27,2.21,25.03,5.49,0.3,3.54,2.14,20141231,-13.73,-3.01,-18.54,119.51,30.08,43.55,15196.0
3020,2615,哈尔斯,家居用品,浙江,18.98,2.25,4.1,21.73,12.12,7.01,0.36,0.09,0.221,2.14,2.61,20110909,3.54,0.86,0.55,10.82,31.86,6.79,23281.0
3022,300307,慈星股份,纺织机械,浙江,61.46,7.93,8.02,50.03,27.27,10.95,19.28,2.4,0.057,5.09,0.91,20120329,10.96,1.37,-9.46,-70.28,29.07,3.63,36719.0
3027,2082,万邦德,铝,浙江,19.65,2.38,2.38,36.21,22.28,4.83,2.42,1.02,0.316,6.57,1.26,20061120,9.93,4.17,18.6,46.75,3.87,0.63,23498.0
3039,603602,纵横通信,通信设备,浙江,130.29,0.93,1.57,12.16,10.8,0.14,1.69,1.08,0.131,4.4,5.17,20170810,3.18,2.03,57.49,-16.39,14.51,3.57,26097.0
3050,2472,双环传动,机械基件,浙江,27.69,5.51,6.87,82.79,31.03,28.45,15.16,2.21,0.146,5.0,1.08,20100910,11.58,1.69,-2.74,-47.31,18.75,4.43,27859.0
3052,2050,三花智控,机械基件,浙江,28.16,24.15,27.66,142.5,97.48,30.94,10.82,0.39,0.382,3.25,4.42,20050607,50.16,1.81,4.3,3.22,28.74,12.25,36880.0
3054,2034,旺能环境,环境保护,浙江,16.11,2.59,4.17,85.38,16.04,18.42,24.45,5.87,0.748,9.57,1.68,20040826,10.62,2.55,40.06,39.19,54.22,36.25,11151.0
3059,600267,海正药业,化学制药,浙江,6.13,9.66,9.66,245.92,92.51,73.03,36.49,3.78,1.3,7.7,1.38,20000725,24.82,2.57,6.5,17542.0,45.14,15.1,35346.0
3065,603305,旭升股份,汽车配件,浙江,69.88,0.63,4.01,23.2,8.13,7.16,3.85,0.96,0.34,3.6,8.79,20170710,5.55,1.38,-5.77,-40.82,33.72,17.51,16211.0
3074,2779,中坚科技,农用机械,浙江,150.79,1.18,1.32,8.57,4.82,2.55,1.95,1.48,0.086,4.9,3.54,20151209,2.84,2.15,-1.89,4.95,19.41,3.8,8771.0
3088,2322,理工环科,软件服务,浙江,23.43,3.51,3.97,35.1,11.65,2.62,18.92,4.77,0.41,7.11,1.69,20091218,7.41,1.87,0.32,6.42,61.62,27.29,19036.0
3104,918,嘉凯城,全国地产,浙江,0.0,18.04,18.04,191.09,131.36,8.64,-8.91,-0.49,-0.244,1.67,4.03,19990720,11.27,0.62,70.3,18.41,24.46,-33.53,47613.0
3114,607,华媒控股,广告包装,浙江,53.76,8.85,10.18,35.7,18.92,1.8,-2.34,-0.23,0.069,1.7,2.93,19960830,9.4,0.92,8.05,17.41,25.35,5.56,44684.0
3119,925,众合科技,专用机械,浙江,32.43,4.53,5.5,69.43,33.95,3.34,18.59,3.38,0.153,4.32,1.53,19990611,0.04,0.01,42.54,105.01,30.01,4.99,30995.0
3121,2569,*ST步森,服饰,浙江,0.0,1.4,1.4,6.44,4.3,0.43,3.19,2.28,-0.286,1.85,5.35,20110412,-2.32,-1.65,-8.77,-619.69,36.24,-14.1,7191.0
3125,300349,金卡智能,软件服务,浙江,15.96,3.72,4.29,46.83,27.24,2.65,17.93,4.18,0.69,8.34,1.76,20120817,12.76,2.97,-3.65,-14.43,47.34,22.31,18898.0
3128,603506,南都物业,房产服务,浙江,21.72,0.34,1.34,15.11,12.5,0.38,3.13,2.33,0.6459999999999999,5.18,3.61,20180201,2.23,1.66,22.27,31.41,23.94,9.6,6469.0
3130,300412,迦南科技,医疗保健,浙江,37.87,2.22,2.58,15.82,12.08,2.09,3.45,1.34,0.129,3.05,2.13,20141231,1.77,0.69,13.37,25.64,41.12,9.26,15324.0
3134,300553,集智股份,电器仪表,浙江,84.68,0.25,0.48,3.76,2.81,0.85,1.65,3.43,0.3229999999999999,6.92,5.26,20161021,1.0,2.09,6.27,-14.7,45.61,13.72,7319.0
3135,300435,中泰股份,机械基件,浙江,35.59,1.19,2.5,17.52,9.65,0.75,2.04,0.82,0.239,3.5,3.24,20150326,3.78,1.52,-2.84,0.78,24.19,14.88,17422.0
3141,603218,日月股份,工程机械,浙江,20.39,1.29,5.31,49.39,34.88,8.61,8.3,1.56,0.648,6.05,2.91,20161228,17.98,3.38,47.27,73.03,24.29,14.11,11847.0
3142,603229,奥翔药业,化学制药,浙江,34.37,0.54,1.6,8.43,5.64,1.72,2.29,1.43,0.314,3.99,3.61,20170509,2.27,1.42,31.88,55.48,52.63,24.72,9534.0
3153,2863,今飞凯达,汽车配件,浙江,33.0,1.86,3.77,45.34,22.25,12.32,1.4,0.37,0.124,2.64,2.07,20170418,4.32,1.15,2.54,-16.21,16.62,2.25,24210.0
3157,603600,永艺股份,家居用品,浙江,18.52,3.01,3.03,17.93,11.76,4.79,5.53,1.83,0.48,3.93,2.97,20150123,3.08,1.02,4.45,93.84,19.4,8.09,12012.0
3167,300710,万隆光电,通信设备,浙江,71.03,0.34,0.69,9.57,7.9,0.37,3.3,4.81,0.291,8.66,3.18,20171019,1.72,2.51,14.27,47.27,28.41,6.92,13331.0
3178,601177,杭齿前进,机械基件,浙江,209.91,4.0,4.0,38.19,16.41,10.62,8.61,2.15,0.035,4.11,2.39,20101011,3.18,0.79,-1.59,25.98,24.23,1.16,14891.0
3180,600521,华海药业,化学制药,浙江,36.49,12.51,13.22,117.97,64.33,26.81,11.6,0.88,0.41,4.2,4.48,20030304,26.03,1.97,4.39,100.4,59.34,12.76,47121.0
3182,603505,金石资源,矿物制品,浙江,20.42,1.12,2.4,16.22,4.55,6.34,1.76,0.73,0.691,4.01,4.68,20170503,5.15,2.15,47.65,133.56,61.78,30.49,16784.0
3183,600052,浙江广厦,影视音像,浙江,2.45,8.72,8.72,39.53,24.61,0.02,1.58,0.18,1.379,4.11,1.1,19970415,22.92,2.63,-83.92,1011.71,62.68,1488.77,46341.0
3213,2634,棒杰股份,服饰,浙江,92.19,3.18,4.61,9.34,3.82,2.05,0.13,0.03,0.07,1.45,5.88,20111205,2.07,0.45,42.29,28.1,25.84,7.53,22679.0
3219,603289,泰瑞机器,专用机械,浙江,22.11,1.36,2.67,14.01,11.25,2.04,3.26,1.22,0.336,3.75,2.64,20171031,3.75,1.4,1.96,27.12,31.65,15.63,14048.0
3225,2632,道明光学,化工原料,浙江,15.75,5.77,6.25,28.28,11.66,6.04,7.91,1.27,0.3,3.12,2.02,20111122,4.93,0.79,12.07,12.19,37.36,19.35,28600.0
3226,300461,田中精机,专用机械,浙江,0.0,0.62,1.22,12.06,8.8,1.17,1.82,1.5,-0.68,1.32,13.2,20150519,-1.28,-1.05,-38.39,-199.82,37.83,-19.1,6011.0
3231,2418,康盛股份,机械基件,浙江,0.0,10.03,11.36,45.11,27.38,9.6,4.92,0.43,-0.138,0.87,3.18,20100601,-6.94,-0.61,-36.7,-1540.82,10.24,-10.34,36518.0
3232,2625,光启技术,汽车配件,浙江,232.19,5.11,21.55,80.39,70.07,3.16,50.43,2.34,0.036,3.56,3.11,20111103,4.33,0.2,0.61,133.15,34.72,27.61,39863.0
3239,2062,宏润建设,建筑工程,浙江,12.18,9.6,11.03,149.17,109.39,13.11,0.0,0.0,0.211,2.83,1.21,20060816,16.09,1.46,8.24,4.36,12.78,3.26,31789.0
3244,603316,诚邦股份,建筑工程,浙江,58.73,1.05,2.03,19.07,13.56,0.17,3.34,1.64,0.113,4.2,2.11,20170619,2.86,1.4,-5.27,-45.34,23.02,4.58,10112.0
3251,2586,ST围海,建筑工程,浙江,32.35,7.35,11.44,103.83,48.3,3.36,33.34,2.91,0.078,4.61,0.73,20110602,6.61,0.58,-5.77,-51.72,13.0,4.14,20381.0
3265,300100,双林股份,汽车服务,浙江,151.35,3.87,4.66,69.58,31.66,21.11,10.74,2.31,0.0289999999999999,5.89,1.01,20100806,10.96,2.35,-24.0,-92.89,21.14,0.43,23788.0
3274,2122,*ST天马,机械基件,浙江,0.0,11.88,11.88,72.53,39.29,8.31,3.59,0.3,-0.473,2.26,0.86,20070328,7.34,0.62,-35.26,-173.21,11.06,-63.62,57643.0
3290,603618,杭电股份,电气设备,浙江,30.17,6.91,6.91,65.69,49.02,5.57,10.75,1.56,0.141,3.57,1.59,20150217,6.31,0.91,10.44,31.5,17.78,2.89,47904.0
3292,2664,长鹰信质,汽车配件,浙江,19.88,3.5,4.0,37.83,25.41,4.73,4.39,1.1,0.546,5.88,2.46,20120316,13.72,3.43,-0.75,9.74,25.34,11.19,19942.0
3295,2043,兔宝宝,其他建材,浙江,12.96,7.43,7.75,33.54,23.38,2.68,0.77,0.1,0.32,2.16,2.61,20050510,7.13,0.92,3.19,-4.21,18.2,7.89,65733.0
3298,603867,新化股份,化工原料,浙江,23.16,0.35,1.4,20.87,12.49,6.02,4.98,3.56,0.92,9.58,2.47,20190627,6.05,4.32,0.0,0.0,22.96,8.12,19736.0
3311,600671,天目药业,中成药,浙江,700.56,1.22,1.22,5.33,1.84,1.21,0.51,0.42,0.0139999999999999,0.49,26.14,19930823,-1.38,-1.13,-24.58,-77.86,50.99,0.77,23610.0
3317,300203,聚光科技,环境保护,浙江,15.42,4.51,4.53,94.51,51.74,6.08,9.32,2.06,0.74,9.31,1.63,20110415,26.84,5.93,12.57,-24.94,48.02,12.93,25578.0
3336,300698,万马科技,通信设备,浙江,394.34,0.42,1.34,6.68,5.42,0.64,1.61,1.2,0.034,2.87,6.16,20170831,0.8,0.6,27.84,-27.31,28.49,1.63,17868.0
3355,300763,锦浪科技,电气设备,浙江,30.18,0.2,0.8,13.76,12.25,0.96,4.89,6.11,0.99,10.19,3.59,20190319,2.18,2.73,0.0,0.0,31.8,9.39,14633.0
3357,600526,*ST菲达,环境保护,浙江,56.24,5.47,5.47,72.59,54.03,9.2,17.01,3.11,0.069,3.57,1.44,20020722,-3.27,-0.6,-32.18,154.19,14.39,1.8,46835.0
3365,2896,中大力德,机械基件,浙江,37.37,0.34,0.8,9.66,4.2,4.96,3.23,4.04,0.431,7.66,2.81,20170829,1.9,2.37,10.64,-41.99,27.25,7.08,9565.0
3374,603839,安正时尚,服饰,浙江,14.97,1.06,4.02,38.29,24.56,5.16,9.78,2.43,0.7,6.98,1.98,20170214,13.37,3.33,54.13,12.55,53.86,15.52,15995.0
3375,300234,开尔新材,陶瓷,浙江,23.86,1.72,2.9,12.35,7.01,2.16,4.15,1.43,0.34,3.19,3.28,20110622,2.72,0.94,254.64,4638.6,30.31,21.47,13856.0
3386,2758,华通医药,医药商业,浙江,60.24,1.8,2.1,15.49,10.58,3.22,1.41,0.67,0.128,3.0,3.44,20150527,2.32,1.1,12.41,-2.08,15.06,2.13,18808.0
3387,2199,东晶电子,元器件,浙江,123.57,2.43,2.43,4.78,2.96,1.63,5.16,2.12,0.076,1.64,7.59,20071221,-3.78,-1.55,13.68,200.8,14.11,11.89,16778.0
3390,300069,金利华电,电气设备,浙江,943.77,0.84,1.17,5.67,3.0,1.4,2.61,2.23,0.01,2.97,4.37,20100421,-0.49,-0.42,-12.61,109.88,30.89,0.96,5785.0
3410,603168,莎普爱思,化学制药,浙江,48.5,2.97,3.23,16.49,9.44,5.68,6.2,1.92,0.121,4.71,1.67,20140702,4.69,1.46,-18.54,-49.75,67.24,9.68,24656.0
3412,2403,爱仕达,家用电器,浙江,21.4,3.16,3.5,47.3,23.66,10.23,11.1,3.17,0.32,6.09,1.45,20100511,6.81,1.94,10.82,-5.21,36.4,4.31,16460.0
3414,603595,东尼电子,元器件,浙江,0.0,0.7,2.14,15.61,7.24,4.83,3.69,1.72,-0.86,3.5,8.13,20170712,1.39,0.65,-37.22,-264.32,23.12,-38.45,6753.0
3416,2897,意华股份,元器件,浙江,62.7,0.68,1.71,18.35,10.75,5.85,5.14,3.01,0.284,6.77,3.51,20170907,4.38,2.56,3.67,-23.08,25.8,4.7,19491.0
3419,603822,嘉澳环保,环境保护,浙江,28.09,0.73,0.73,15.77,7.71,2.96,2.43,3.31,0.616,10.05,2.3,20160428,3.8,5.18,9.54,12.02,14.18,5.34,10106.0
3433,603186,华正新材,元器件,浙江,63.22,0.74,1.29,25.53,15.89,6.25,1.82,1.4,0.605,5.56,9.17,20170103,3.75,2.9,20.83,36.74,20.15,5.25,13732.0
3434,600070,浙江富润,互联网,浙江,11.73,4.41,5.22,43.82,31.11,3.33,11.11,2.13,0.71,5.22,2.06,19970604,11.02,2.11,21.07,152.54,19.18,17.23,23060.0
3439,300032,金龙机电,元器件,浙江,0.0,7.89,8.03,21.03,9.66,8.46,29.66,3.69,-0.05,1.72,1.69,20091225,-25.34,-3.15,-36.74,97.42,11.66,-3.02,32426.0
3446,2188,*ST巴士,广告包装,浙江,0.0,2.38,2.96,1.18,0.73,0.38,16.11,5.45,-0.12,-2.25,-1.27,20071122,-25.8,-8.73,-79.99,92.86,8.97,-169.13,12812.0
3449,2124,天邦股份,饲料,浙江,1098.39,9.41,11.6,68.05,23.79,25.72,9.87,0.85,0.01,2.06,7.31,20070403,2.0,0.17,40.12,-90.12,10.64,0.27,69043.0
3472,603996,ST中新,家用电器,浙江,0.0,3.0,3.0,37.96,31.37,5.15,5.57,1.86,-0.67,4.0,1.44,20151222,2.64,0.88,-91.28,-325.17,-10.42,-40.48,20321.0
3474,300558,贝达药业,化学制药,浙江,90.55,1.69,4.01,40.05,8.42,5.79,6.35,1.58,0.495,5.91,10.11,20161107,11.47,2.86,34.05,34.37,93.54,15.97,19878.0
3481,603311,金海环境,专用机械,浙江,23.83,2.1,2.1,11.97,7.75,2.44,2.08,0.99,0.312,3.84,2.58,20150518,3.28,1.56,16.75,5.34,30.65,12.99,18398.0
3483,300582,英飞特,半导体,浙江,25.83,1.15,1.98,16.29,5.79,4.77,4.96,2.5,0.324,5.21,2.14,20161228,3.2,1.61,2.91,22.71,37.56,8.94,16405.0
3487,603222,济民制药,化学制药,浙江,285.42,2.47,3.2,20.78,6.63,6.31,2.0,0.62,0.129,2.64,18.62,20150217,2.94,0.92,7.2,11.83,44.71,7.14,7539.0
3490,2942,新农股份,农药化肥,浙江,18.57,0.3,1.2,12.59,7.63,2.43,3.57,2.97,1.168,7.55,3.83,20181205,3.22,2.68,16.74,28.36,33.81,16.97,19373.0
3491,603379,三美股份,化工原料,浙江,18.8,0.6,4.36,53.63,41.99,6.97,17.77,4.07,1.47,11.29,3.12,20190402,24.82,5.69,0.0,0.0,32.49,19.63,34686.0
3498,300144,宋城演艺,旅游景点,浙江,25.04,11.76,14.53,116.32,30.71,23.44,24.76,1.7,0.8740000000000001,6.83,4.27,20101209,52.73,3.63,-10.71,10.69,73.34,57.57,22988.0
3519,2266,浙富控股,电气设备,浙江,74.91,16.38,19.79,78.25,24.95,5.95,2.25,0.11,0.042,1.69,2.46,20080806,9.23,0.47,-1.32,-21.39,23.25,10.3,115211.0
3522,739,普洛药业,化学制药,浙江,26.13,11.47,11.79,63.23,37.72,18.87,4.34,0.37,0.366,3.09,4.12,19970509,19.22,1.63,15.99,57.87,32.02,7.97,35564.0
3526,2473,圣莱达,家用电器,浙江,0.0,1.6,1.6,2.95,2.69,0.12,2.23,1.39,-0.275,1.59,5.15,20100910,-1.4,-0.88,-27.5,-1278.64,-4.7,-54.27,8670.0
3531,2563,森马服饰,服饰,浙江,15.85,18.49,26.99,165.43,111.45,21.79,25.93,0.96,0.484,4.28,2.39,20110311,51.32,1.9,35.82,2.79,44.37,9.86,21044.0
3533,300673,佩蒂股份,饲料,浙江,97.68,0.47,1.47,13.25,8.46,1.92,6.02,4.11,0.212,6.71,4.12,20170711,2.29,1.56,14.68,-69.88,25.57,4.45,10630.0
3539,603088,宁波精达,专用机械,浙江,25.37,1.57,1.57,7.99,5.31,1.64,1.59,1.01,0.244,3.33,2.47,20141111,1.75,1.12,4.66,23.22,40.83,14.78,8407.0
3542,300459,金科文化,互联网,浙江,11.77,22.69,35.44,113.23,33.05,3.35,21.28,0.6,0.181,2.01,1.41,20150515,19.95,0.56,-9.3,-15.17,77.9,35.2,55934.0
3548,300076,GQY视讯,IT设备,浙江,108.59,3.7,4.24,11.07,9.63,0.67,5.08,1.2,0.043,2.4,2.57,20100430,0.56,0.13,-60.65,-45.44,31.93,29.35,29748.0
3570,2699,美盛文化,服饰,浙江,53.99,7.94,9.1,39.95,20.27,2.77,19.81,2.18,0.1,3.44,2.09,20120911,1.79,0.2,52.19,-17.2,29.08,8.99,28904.0
3573,300768,迪普科技,软件服务,浙江,67.48,0.4,4.0,19.65,19.01,0.2,6.83,1.71,0.41,4.01,8.84,20190412,4.84,1.21,0.0,0.0,71.16,29.05,20225.0
3595,601882,海天精工,机床制造,浙江,58.46,1.26,5.22,21.57,14.09,6.36,2.9,0.56,0.099,2.41,3.19,20161107,3.93,0.75,-18.49,-37.06,21.21,6.27,17818.0
3610,600477,杭萧钢构,钢加工,浙江,13.82,21.54,21.54,85.63,59.31,11.35,1.13,0.05,0.14,1.55,1.66,20031110,8.09,0.38,8.94,-29.53,18.6,6.69,75157.0
3620,600208,新湖中宝,全国地产,浙江,12.34,85.98,85.99,1415.46,908.78,5.19,79.72,0.93,0.286,4.11,1.14,19990623,180.45,2.1,56.19,38.79,39.83,22.21,108950.0
3632,2370,亚太药业,化学制药,浙江,431.58,4.64,5.36,44.24,21.09,3.98,13.07,2.44,0.013,4.65,1.59,20100316,5.88,1.1,-24.37,-95.85,37.84,0.95,36862.0
3643,688005,容百科技,电气设备,浙江,64.62,0.41,4.43,60.48,41.85,10.19,35.39,7.98,0.39,9.89,3.13,20190722,3.84,0.87,0.0,0.0,13.26,5.14,17957.0
3657,688088,虹软科技,软件服务,浙江,90.93,0.38,4.06,26.8,26.28,0.15,18.71,4.61,0.38,5.99,7.07,20190722,1.67,0.41,0.0,0.0,94.15,34.32,18197.0
3659,603081,大丰实业,专用机械,浙江,27.05,0.78,4.02,39.38,30.79,2.99,4.79,1.19,0.4579999999999999,4.6,3.59,20170420,8.72,2.17,17.53,17.71,32.93,13.07,19366.0
3665,688006,杭可科技,电气设备,浙江,43.22,0.37,4.01,37.17,32.07,2.91,10.87,2.71,0.77,5.53,7.42,20190722,6.72,1.68,0.0,0.0,47.99,28.55,16742.0
3684,300795,米奥兰特,综合类,浙江,103.64,0.25,1.0,3.3,2.72,0.2,0.23,0.23,0.35,5.62,6.46,20191022,1.36,1.35,0.0,0.0,45.17,10.13,51653.0
3685,2552,宝鼎科技,机械基件,浙江,72.05,2.0,3.06,7.31,3.36,2.6,4.09,1.33,0.183,2.16,8.12,20110225,-0.79,-0.26,14.47,122.36,16.04,22.37,32042.0
3696,600491,龙元建设,建筑工程,浙江,13.19,15.3,15.3,572.46,307.36,5.28,40.5,2.65,0.41,6.7,1.08,20040524,37.65,2.46,6.59,12.45,9.12,3.89,48197.0
3699,300256,星星科技,元器件,浙江,169.81,7.94,9.58,92.7,49.6,24.06,22.3,2.33,0.023,1.77,2.98,20110819,-15.13,-1.58,4.9,-68.98,15.98,0.61,47791.0
3722,688299,长阳科技,塑料,浙江,0.0,0.0,0.0,13.01,6.13,5.77,2.61,0.0,0.0,0.0,0.0,0,1.83,0.0,0.0,0.0,30.45,15.19,0.0
3723,688288,鸿泉物联,汽车配件,浙江,0.0,0.0,0.0,3.35,2.82,0.07,1.14,0.0,0.0,0.0,0.0,0,0.67,0.0,0.0,0.0,50.62,25.28,0.0
3731,601916,浙商银行,银行,浙江,0.0,0.0,0.0,17372.69,0.0,112.23,221.3,0.0,0.0,0.0,0.0,0,248.58,0.0,0.0,0.0,0.0,33.39,0.0
